id,cluster,area_module,what_is_hardcoded,file_line,todays_value,who_would_edit,risk_if_edited,risk_class,existing_mechanism,effort,suggested_priority,found_by_blocks
CFG-001,K01 利潤警示與目標門檻,helpers/profit_rules,營業利益率目標警示門檻 12%（紅）：後端與前端各一份；operating_targets 設定並未餵進這條警示,backend/helpers/profit_rules.py:34,TARGET_MARGIN_PCT = 12,admin,money 警示基準與經營目標脫鉤,money,operating_targets（/api/settings/operating-targets）或新 system_settings 鍵，由 /api/overhead/settings 一併回給前端,M,P1,A
CFG-002,K01 利潤警示與目標門檻,quotation-form.html,報價單營業利益率燈號 12% 紅／20% 黃／綠，及「低於目標 12%」文字，寫在樣板，與 profit-rules.js 的 12 重複,frontend/pages/quotation-form.html:1911,tot.netMarginPct < 12 … < 20；'⚠ 低於目標 12%',admin,money,money,operating_targets 或新設定鍵,S,P1,A
CFG-003,K01 利潤警示與目標門檻,settlement.html／reports.html,精算頁、營運報表的利潤率 20% 綠／10% 橘門檻（與報價單 12/20 不一致，三處各寫各的）,frontend/pages/settlement.html:1019,summary.netMarginPct >= 20（reports.html:1563 為 >=20 / >=10）,admin,money 同一指標三種門檻,money,operating_targets,S,P1,A
CFG-004,K01 利潤警示與目標門檻,frontend/static/profit-rules.js,前端複製一份：舊口徑管銷 10%、預設管銷 25、公益 1%、目標 12 全寫死（與後端重複，靠黃金向量測試對齊）；DEFAULT_OVERHEAD_PCT 繞過 overhead_default_pct,frontend/static/profit-rules.js:10,"LEGACY_ADMIN_RATE = 0.10, DEFAULT_OVERHEAD_PCT = 25, CHARITY_RATE = 0.01, TARGET_MARGIN_PCT = 12",admin,money 前後端算式分叉,money,overhead_rule_mode + overhead_default_pct（/api/overhead/settings）已存在，前端應只讀它,M,P1,A
CFG-005,K01 利潤警示與目標門檻,helpers/profit_rules,全域預設管銷 25 的程式後備值（設定缺／壞時退回 25；profit_guard.py:65 與 pdf_gen.py:43 各自再寫一次）,backend/helpers/profit_rules.py:32,DEFAULT_OVERHEAD_PCT = 25,admin,money 三處後備值需同步,money,overhead_default_pct 已存在；只需收斂後備來源,S,P2,A
CFG-006,K01 利潤警示與目標門檻,helpers/profit_rules,公益捐款比率 1%（後端；前端 profit-rules.js 亦同，PDF 標籤『公益捐款（1%）』）,backend/helpers/profit_rules.py:33,CHARITY_RATE = 0.01,admin,money,money,類比 overhead_default_pct 新增 charity_rate 鍵；charity_basis_mode 已是設定（第 52 班）,M,P2,A
CFG-007,K01 利潤警示與目標門檻,helpers/profit_rules,舊口徑管銷＝報價稅前 10% 固定值（已結案舊單用，歷史口徑）,backend/helpers/profit_rules.py:31,LEGACY_ADMIN_RATE = 0.10,superadmin,legal／歷史資料（不宜開放編輯，保持凍結）,legal,none（刻意凍結）,S,P4,A
CFG-008,K02 營業稅與法定參數,helpers/tax_calc,營業稅法定稅率 5%，後端多處重複：tax_calc、supply gl_events、arap 應收拆稅 /1.05、case recognition /1.05、settlement_actuals,backend/helpers/tax_calc.py:27,LEGAL_TAX_RATE = 0.05,superadmin,legal 稅率變動需全站同改,legal,tax_rules / tax_rules_versions 目前只含所得稅與健保，可加入 vat_rate 並讓各處讀同一來源,L,P2,AD
CFG-009,K02 營業稅與法定參數,arap/receivables,應收含稅金額拆稅直接 /1.05,backend/modules/arap/receivables.py:110,amt_incl - amt_incl / 1.05,finance,legal,legal,同上 vat_rate,S,P2,A
CFG-010,K02 營業稅與法定參數,case/settlement_actuals,精算預設實際成本＝報價成本×1.05（5% 非扣抵進項稅假設）；settlement.html、quotation-form.html、reports 另有重複,backend/modules/case/settlement_actuals.py:20,ESTIMATE_RATE = 1.05,finance,money 影響結案毛利,money,vat_rate（再加『進項稅是否可扣抵』開關）,M,P2,A
CFG-011,K02 營業稅與法定參數,subcontract,承攬商派發稅率預設 0.05 散落至少 7 處（dispatch_flow、remit_create、vendor_contractors、contractor_vouchers、gl_events、DB 欄位預設、前端）,backend/modules/subcontract/dispatch_flow.py:101,tax_rate if tax_rate is not None else 0.05（另見 remit_create.py:92、vendor_contractors.py:85/175/599/673、contractor_vouchers.py:400、gl_events.py:60、db.py:1341/3047、frontend/js/case-management-dispatch.js:212/237）,admin,legal 重複預設值易漏改,legal,vat_rate 設定鍵,M,P2,A
CFG-012,K02 營業稅與法定參數,supply/gl_events,進項稅推估 5%（有發票號才計）自帶一份 _RATE，沒走 tax_calc,backend/modules/supply/gl_events.py:19,_RATE = 0.05,finance,legal,legal,同上 vat_rate,S,P2,A
CFG-013,K02 營業稅與法定參數,quotation-form.html,報價單稅率預設 5、含稅／免稅切換寫 5 或 0；進項稅 0.05 另寫；售價回推進位到 5 元,frontend/pages/quotation-form.html:2370,"… ? 5 : Number(this.q.taxRate)；:2378 t==='taxable'?5:0；:2457 halfUp(totalCost, 0.05)；:2437 /5)*5",admin,legal+money,legal|money,vat_rate 設定；進位單位可併入報價設定,M,P2,A
CFG-014,K02 營業稅與法定參數,helpers/legal_params＋db,法定參數預設值（所得稅 5%/10%/20% 與起扣點、二代健保 2.11%、單次上限、門檻）在 legal_params.py 與 db.py 種子各寫一份,backend/helpers/legal_params.py:34,"""50"": {tax_rate 0.05, tax_threshold 90501} … rate 0.0211（db.py:820-832 另有同一份）",superadmin,legal,legal,tax_rules / tax_rules_versions 已可編；只需合併兩份種子、避免版本分叉,S,P3,A
CFG-015,K02 營業稅與法定參數,helpers/legal,所得類別代碼,backend/helpers/legal_params.py:23,"INCOME_TYPES = (""50"",""9A"",""9B"")",superadmin,legal 扣繳申報,legal,legal_params 本身,S,P4,D
CFG-016,K02 營業稅與法定參數,accounting/ledger,401 媒體申報手動欄位代碼,backend/modules/accounting/ledger/tax401_media.py:72,"MANUAL_CODES = (113, 114, 115)",superadmin,legal 稅務申報格式,legal,none（法定格式）,L,P4,D
CFG-017,K03 獎金與薪資規則,payroll,獎金分類固定三類,backend/modules/payroll/bonus_case.py:19,"CATEGORIES = (""sales"",""project"",""admin"")",admin,money 獎金歸屬／分攤,money,bonus_payable_account_code 為同模組設定先例,M,P2,D
CFG-018,K03 獎金與薪資規則,payroll/勞報單,勞報單簽核人只能是最高管理者；核准後作廢需 superadmin；已匯出可由模組持有者作廢；核准／駁回僅 superadmin,backend/modules/payroll/api/payslips.py:695,"if status==""已核准"" and role!=""superadmin"" → 403；可作廢狀態 (""已匯出"",""已核准"")（:690）",superadmin,money|legal 勞報單涉扣繳與個資,money|legal,approval-flow settings（payslip_approval_flow 已讀 payslip_approval.py:72）+ permission matrix (1d)；簽核人限制仍寫死,M,P3,B
CFG-019,K03 獎金與薪資規則,payroll/bonus,獎金應付預設科目 2191,backend/modules/payroll/bonus.py:366,"DEFAULT_PAYABLE_ACCOUNT = ""2191""",finance,money 會計科目,money,總帳『角色→科目對應』設定（最高管理者）；bonus_payable_account_code 已存在,S,P3,A
CFG-020,K03 獎金與薪資規則,payroll/bonus_case,案件獎金預設比率 10%（1000bp）與業務/專案/後勤 50/30/20 的程式後備值（設定缺時退回）,backend/modules/payroll/bonus_case.py:21,"DEFAULT_RATE_BP = 1000; DEFAULT_SPLIT_BP = {sales 5000, project 3000, admin 2000}",admin,money 後備值與設定值可能不同步,money,bonus_case_default_rate_bp / bonus_case_default_split_bp 已存在（api/bonus.py:1178、1188-1190）,S,P3,A
CFG-021,K03 獎金與薪資規則,payroll/勞報單,勞報單狀態常數寫死（草稿/待審核/已核准，另 已匯出/已簽回/已付款/已作廢）,backend/modules/payroll/api/payslip_approval.py:35,"S_DRAFT, S_REVIEW, S_APPROVED = 草稿, 待審核, 已核准",superadmin,ops,ops,none,L,P4,B
CFG-022,K04 登入與安全政策,登入/密碼,密碼最少長度（8 處呼叫共用）,backend/helpers/auth.py:54,MIN_PASSWORD_LEN = 8,superadmin,security 只管長度，無複雜度／到期／歷史規則,security,none（單一常數，易改成讀 system_settings）,S,P1,E
CFG-023,K04 登入與安全政策,main,一般角色閒置登出門檻 8 小時,backend/main.py:211,_IDLE_TIMEOUT_SECONDS = 8*3600,superadmin,security 會話安全,security,none（system_settings）,S,P1,CE
CFG-024,K04 登入與安全政策,main,superadmin/admin 閒置登出門檻 2 小時,backend/main.py:216,_ADMIN_IDLE_TIMEOUT_SECONDS = 2*3600,superadmin,security 高權限帳號，需設下限／上限,security,none,S,P1,CE
CFG-025,K04 登入與安全政策,routers/auth,登入失敗鎖定：連續失敗次數與鎖定時間（依來源 IP）,backend/routers/auth.py:42,_LOGIN_MAX_FAILS=5；_LOGIN_LOCKOUT_S=900,superadmin,security 防暴力破解；需下限,security,none（system_settings + 範圍檢查）,S,P1,CE
CFG-026,K04 登入與安全政策,登入/Passkey,Passkey/WebAuthn 總開關寫死為關閉（要開要改碼）,backend/helpers/auth.py:83,PASSKEY_ENABLED = False,superadmin,security 使用者 2026-09-16 裁示暫緩,security,webauthn_rp_id/webauthn_origin 已可設，總開關未接 system_settings,S,P2,E
CFG-027,K04 登入與安全政策,登入/Session,哪些角色算高權限而套用較短閒置門檻（寫死 superadmin/admin，提示文字『2 小時／8 小時』也寫死）,backend/main.py:558,"role in ('superadmin','admin')",superadmin,security 與 574 行提示文字需連動,security,none（可併入閒置設定，每角色一個秒數）,S,P2,E
CFG-028,K04 登入與安全政策,routers/auth,Session 有效期（登入後 expires_at）,backend/routers/auth.py:539,timedelta(days=30),superadmin,security 會話壽命,security,none,S,P2,CE
CFG-029,K04 登入與安全政策,登入/密碼,弱密碼黑名單（舊預設密碼＋額外 4 個）,backend/helpers/auth.py:42,_LEGACY_WEAK_PASSWORDS 舊預設密碼清單＋額外 4 個常見弱密碼（:115）；內容不在此重述,superadmin,security 清單內含歷史預設密碼，屬安全資料,security,security.* scan 設定鍵（已有）可擴充追加項；內建清單應保留,M,P3,E
CFG-030,K04 登入與安全政策,網路,CORS 預設白名單內含寫死內網 IP 172.16.10.177,backend/main.py:127,6 筆 localhost/127.0.0.1/172.16.10.177 的 :666 http/https,superadmin,security 跨來源邊界,security,環境變數 MOTRIX_CORS_ORIGINS（main.py:139）；未接 system_settings，換 IP 仍需改環境變數並重啟,M,P3,E
CFG-031,K04 登入與安全政策,payroll,薪資單明細揭露頻率限制,backend/modules/payroll/api/payslip_approval.py:309,"每人每分鐘 30 次（_REVEAL_LIMIT, _REVEAL_WINDOW = 30, 60.0）",superadmin,security 薪資個資防爬,security,none,S,P3,C
CFG-032,K04 登入與安全政策,登入/TOTP,TOTP 挑戰有效時間與錯誤次數上限；驗證容許視窗,backend/routers/auth.py:148,300 秒；5 次（:149）；valid_window=1（:588、:855）,superadmin,security 容許視窗越大越易被猜中,security,none,S,P3,E
CFG-033,K04 登入與安全政策,routers/auth,TOTP 錯誤次數上限,backend/routers/auth.py:149,_TOTP_MAX_FAILS = 5,superadmin,security 二階段驗證防猜,security,none,S,P3,C
CFG-034,K04 登入與安全政策,維運,首次未設定本公司資料的暫時放行時數上限,backend/helpers/company_setup.py:64,GRACE_MAX_HOURS = 72,superadmin,legal 公司身分閘門,legal,none（寧可保留寫死）,S,P4,E
CFG-035,K04 登入與安全政策,routers/auth,Demo 登入 token 有效期,backend/routers/auth.py:439,timedelta(days=1),superadmin,none,none,none,S,P4,C
CFG-036,K05 保存期限與備份,archive,備份／稽核保留預設值：已有 GET/PATCH 與設定頁（company-profile-settings.html:1176/1270），驗證範圍 1～3650 天；audit_log_keep_days 沒有法遵下限（可設成 1 天）,backend/archive.py:52,local_db 30; cloud_daily 60; weekly 90; monthly 0(永久); pre_update 5; audit_log 1825,superadmin,legal 稽核紀錄保存期限需下限防誤刪（具體年數由法遵確認）,legal,system_settings.backup_retention + GET/PATCH /api/settings/backup-retention（routers/system.py:2270/2277）+ 公司資料設定頁；缺：稽核下限、通知／request 日誌保留併入,S,P1,C
CFG-037,K05 保存期限與備份,helpers/audit,站內通知保留天數（已讀未讀都清）,backend/helpers/audit.py:165,NOTIFICATION_RETENTION_DAYS = 90,superadmin,none 站內通知可再生；改短僅影響可回溯性,none,可併入 system_settings.backup_retention（archive.py:52）+ PATCH /api/settings/backup-retention,S,P1,C
CFG-038,K05 保存期限與備份,helpers/system_checks,request 日誌保留天數,backend/helpers/system_checks.py:731,keep_days = 90,superadmin,ops 日誌量,ops,可併入 backup_retention,S,P2,C
CFG-039,K05 保存期限與備份,helpers/system_checks,每日備份過期告警門檻,backend/helpers/system_checks.py:182,_BACKUP_STALE_HOURS = 36,superadmin,ops 備份失效偵測,ops,none,S,P3,C
CFG-040,K05 保存期限與備份,維運,Server log 輪替大小與保留份數,backend/archive.py:1679,50 MB × 5 份（:1680）,superadmin,ops 磁碟,ops,仿 backup_retention 設定,S,P4,E
CFG-041,K05 保存期限與備份,archive,備份後快照緩衝秒數,backend/archive.py:940,_SNAPSHOT_AFTER_CUSHION_SECONDS = 300,superadmin,ops,ops,none,S,P4,C
CFG-042,K05 保存期限與備份,helpers/system_checks,簽核提醒失敗紀錄保留筆數,backend/helpers/system_checks.py:543,REMINDER_FAILURE_KEEP = 200,superadmin,none,none,none,S,P4,C
CFG-043,K05 保存期限與備份,保留期,稽核日誌分層樹預設／最大查詢天數,backend/routers/system.py:385,預設 90 天；最大 366 天（:386）；module-counts 90 天（:387）,admin,ops 保護百萬列查詢效能,ops,none,S,P4,E
CFG-044,K06 上傳與容量上限,helpers/uploads,單檔大小上限,backend/helpers/uploads.py:38,20 * 1024 * 1024,admin,ops 磁碟／備份容量,ops,none（system_settings 可承載）,S,P1,D
CFG-045,K06 上傳與容量上限,helpers/uploads／額外支出,支出申請每單附件數與單次總量上限,backend/helpers/uploads.py:43,"case_extra_expense: max_files 10, max_request_bytes 50MB",admin,ops 容量；僅一個資料夾有表,ops,表結構現成，改讀 system_settings 並擴及其他資料夾,S,P1,D
CFG-046,K06 上傳與容量上限,case/額外支出,附件種類（發票／其他）固定二種,backend/modules/case/api/case_extra_expenses.py:86,"FILE_KINDS = (""invoice"",""other"")",finance,legal 是否必附發票,legal,FORM-DESIGNER 必填規則,M,P2,D
CFG-047,K06 上傳與容量上限,helpers/custom_files,自訂欄位檔案允許副檔名與最大檔數,backend/helpers/custom_files.py:28,"ALLOWED_EXTS=(jpg,jpeg,png,pdf)；_MAX_FILES=50（:30）",admin,security 與 uploads 白名單須同步,security,自訂欄位定義已可每欄設 max（:125），預設值寫死,S,P3,D
CFG-048,K06 上傳與容量上限,helpers/uploads,附件允許副檔名白名單（全系統）,backend/helpers/uploads.py:32,"{'.jpg','.jpeg','.png','.pdf'}",superadmin,security 副檔名／檔頭檢查是 fail-closed 安全閘，放寬需同步 magic 規則,security,none（只能在已有 magic 規則的類型中勾選）,M,P3,D
CFG-049,K06 上傳與容量上限,helpers/uploads,各資料夾額外放行副檔名（傳票附件 Word/Excel、支出 HEIC）,backend/helpers/uploads.py:36,"voucher_attachments:{.docx,.xlsx,.doc,.xls}; case_extra_expense:{.heic,.heif}",superadmin,security 新增型別需有檔頭規則,security,none,M,P3,D
CFG-050,K06 上傳與容量上限,case/案件支出申請,作廢權限＋條件：僅 superadmin、僅已核准且未付款、理由必填,backend/modules/case/api/case_extra_expenses.py:851,"docstring「僅最高管理員 superadmin；僅已核准且尚未付款；理由必填」；VOIDED_STATUS=""已作廢""（:83）",superadmin,money|legal 作廢影響應付與合計,money|legal,permission matrix (1d),M,P3,B
CFG-051,K06 上傳與容量上限,helpers/branding,品牌圖檔大小上限 2MB、最大邊長 4096、允許格式,backend/helpers/branding.py:32,MAX_UPLOAD_BYTES = 2 * 1024 * 1024,admin,none,none,branding_assets（已有 limits 回傳）,S,P4,DE
CFG-052,K06 上傳與容量上限,helpers/xlsx_out,Excel／PDF 匯出冷卻秒數,backend/helpers/xlsx_out.py:18,EXCEL_COOLDOWN=5; PDF_COOLDOWN=30,superadmin,ops PDF 吃資源,ops,none,S,P4,C
CFG-053,K06 上傳與容量上限,case/額外支出,發票號碼長度上限,backend/modules/case/api/case_extra_expenses.py:85,INVOICE_NO_MAX = 40,finance,none,none,none,S,P4,D
CFG-054,K06 上傳與容量上限,case/expense_forms,費用單明細上限 200 行、資料大小 20000 位元組,backend/modules/case/expense_forms.py:26,MAX_LINES = 200; MAX_DATA_BYTES = 20000,superadmin,ops,ops,none,S,P4,A
CFG-055,K07 排程時刻與外部資料源節流,archive,每日／每週備份排程間隔,backend/archive.py:3003,_DAILY_INTERVAL_SECONDS = 2*3600; _WEEKLY_INTERVAL_SECONDS = 6*3600,superadmin,ops 備份頻率，與雲端容量相關,ops,none（backup_retention 只管保留天數，未管頻率）,M,P2,C
CFG-056,K07 排程時刻與外部資料源節流,helpers/daily_checks,每日檢查（逾期、提醒、證書、備份新鮮度）執行時刻,backend/helpers/daily_checks.py:48,"hour=8, minute=0",superadmin,ops 排程時點；多個模組文件假設 08:00,ops,none,M,P2,C
CFG-057,K07 排程時刻與外部資料源節流,analytics,月報寄送日與時刻（每月 1 日 08:00）,backend/modules/analytics/api/reports.py:3083,每月 1 日 hour=8 minute=0,finance,ops 報表時效,ops,monthly_report_recipients（收件人已可調，日／時未可調）,S,P2,C
CFG-058,K07 排程時刻與外部資料源節流,accounting/ledger,總帳引擎自動執行間隔與啟動延遲,backend/modules/accounting/ledger/auto_run.py:19,INTERVAL_SECONDS=3600; FIRST_DELAY_SECONDS=300,finance,money 自動過帳／結轉時點，需審慎,money,none,M,P3,C
CFG-059,K07 排程時刻與外部資料源節流,crm,CRM 每日提醒執行時刻,backend/modules/crm/api.py:1230,hour=8,admin,none,none,none（可與 daily_checks 一併設定）,S,P3,C
CFG-060,K07 排程時刻與外部資料源節流,tender_radar,標案詳細頁每日抓取上限 20、靜默期 7 天、假日表預警 60 天、高頻時段門檻 12,backend/modules/tender_radar/source.py:161,DETAIL_DAILY_LIMIT = 20（:132 QUIET_PERIOD_DAYS = 7；:153 HIGH_FREQUENCY_SLOT_THRESHOLD = 12；:1107 HOLIDAY_WARN_DAYS = 60）,superadmin,ops,ops,none,S,P3,AC
CFG-061,K07 排程時刻與外部資料源節流,helpers/geo,地理編碼快取 TTL 與預熱間隔、請求間隔,backend/helpers/geo.py:486,GEOCODE_CACHE_TTL_DAYS=180; GOOGLE_CACHE_TTL_DAYS=30; GEOCODE_INTERVAL_SECONDS=1.1; GEOCODE_WARM_INTERVAL_SECONDS=6h,admin,ops 第三方配額（google_quota 已可設）,ops,system_settings google_quota 已有；TTL／間隔未有,S,P4,C
CFG-062,K07 排程時刻與外部資料源節流,lodging,住宿資料每日更新時刻與頻率／失敗上限,backend/modules/lodging/source.py:48,MIN_SUCCESS_INTERVAL=24h; FAILURE_COOLDOWN=1h; SCHEDULED_MIN_INTERVAL=20h; DAILY_REFRESH_HOUR=3; DAILY_MAX_FAILURES=3,admin,ops 對外資料源禮貌,ops,none,S,P4,C
CFG-063,K07 排程時刻與外部資料源節流,tender_radar,休假警示天數、靜默期天數,backend/modules/tender_radar/source.py:1107,HOLIDAY_WARN_DAYS=60；QUIET_PERIOD_DAYS=7（source.py:132）,admin,none,none,同上 tender 設定,S,P4,C
CFG-064,K07 排程時刻與外部資料源節流,routers/company_lookup,GCIS 每日查詢上限預設值（已可由 gcis_daily_limit 調整）,backend/routers/company_lookup.py:70,GCIS_DAILY_LIMIT_DEFAULT = 300,admin,ops,ops,system_settings gcis_daily_limit（已可調，僅預設寫死）,S,P4,C
CFG-065,K08 提醒、逾期與停滯門檻,helpers/payable_due_core,應付款到期提醒：提前幾天通知,backend/helpers/payable_due_core.py:33,SOON_DAYS = 3（逾期＝預定日後第 1 個工作日）,finance,money 付款提醒時點,money,none；寄信開關已走 mail_types/email_notify,M,P1,C
CFG-066,K08 提醒、逾期與停滯門檻,helpers/system_checks,簽核逾時催辦階段（第 1、3、5 天，之後每 5 天）,backend/helpers/system_checks.py:503,"REMINDER_FIRST_STAGES = (1, 3, 5); REMINDER_STEP_AFTER = 5",admin,ops,ops,approval-flow settings,M,P1,AC
CFG-067,K08 提醒、逾期與停滯門檻,儀表板,報價追蹤門檻：報價滿 14 天未回覆列入跟進,backend/modules/analytics/api/dashboard.py:584,days_since >= 14,sales,none 提醒用,none,none,S,P1,E
CFG-068,K08 提醒、逾期與停滯門檻,儀表板,開發案停滯門檻：30 天無動靜列入停滯,backend/modules/analytics/api/dashboard.py:654,days_since >= 30,PM,none 提醒用,none,none,S,P1,E
CFG-069,K08 提醒、逾期與停滯門檻,crm,業務開發停滯天數 30、重複通知間隔 14 天、暫擱置自動轉未成案 180 天（dashboard.py:626 與 email_notify 註解寫同一個 30，重複）,backend/modules/crm/api.py:1083,_STALE_DAYS = 30; _STALE_RENOTIFY_INTERVAL = 14（:1084）; _HOLD_AUTO_CONVERT_DAYS = 180（:1085）,PM,ops,ops,none,S,P1,AC
CFG-070,K08 提醒、逾期與停滯門檻,crm,久未更新提醒再次通知間隔,backend/modules/crm/api.py:1084,_STALE_RENOTIFY_INTERVAL = 14,sales,none,none,none,S,P1,C
CFG-071,K08 提醒、逾期與停滯門檻,報價單前端,報價有效天數預設與「超過 30 天需主管審核」門檻（前端寫死，後端預設 30）,frontend/pages/quotation-form.html:2599,if (this.q.validDays > 30)；預設 validDays: 30（:2253）；後端 quotations.py:1557,admin,money 審核規則繞過／前後端兩處不一致,money,tiered_approval 簽核設定／system_settings,S,P1,D
CFG-072,K08 提醒、逾期與停滯門檻,helpers/payable_due_core,應付到期提醒天數固定 3 天前／當天／逾期,backend/helpers/payable_due_core.py:39,"_LABEL = {soon:預定付款日將到（3 天後）, today, overdue}",finance,ops 付款提醒時程,ops,notification_prefs / notify_matrix（提醒對象可設，天數未見設定）,S,P2,B
CFG-073,K08 提醒、逾期與停滯門檻,報表,應收帳齡色階門檻（>60 橘、>90 紅）,backend/modules/analytics/api/reports.py:1862,d > 90 / d > 60,finance,money 影響催收判讀但不改帳,money,none,S,P2,E
CFG-074,K08 提醒、逾期與停滯門檻,case/case_deadlines,保固到期預警天數 7 日（紅）／30 日（橙）,backend/modules/case/case_deadlines.py:218,"_WARR_THRESHOLDS = (7, 30)",PM,ops,ops,none,S,P2,A
CFG-075,K08 提醒、逾期與停滯門檻,crm,暫擱置案件自動轉未成案天數,backend/modules/crm/api.py:1085,_HOLD_AUTO_CONVERT_DAYS = 180,sales,ops 會自動改變案件狀態（非單純提醒）,ops,none,S,P2,C
CFG-076,K08 提醒、逾期與停滯門檻,supply/inventory,庫存黃燈倍數 1.5（紅＝低於安全庫存，黃＝低於安全庫存×1.5）及採購建議補貨目標 ceil(safety×1.5),backend/modules/supply/api/inventory.py:42,_YELLOW_MULTIPLIER = 1.5,admin,ops,ops,none（每料號 safety_stock 已可設，倍數無設定）,S,P2,A
CFG-077,K08 提醒、逾期與停滯門檻,cashier.html,出納待付款『預定付款日 3 天內到期』提示寫死 3 天（兩處）；後端 plannedState 判定亦同門檻,frontend/pages/cashier.html:370,3 天內到期（另 :503）,finance,ops,ops,none（payable_calendar／payable_reminders 只有事件開關，無天數設定）,S,P2,A
CFG-078,K08 提醒、逾期與停滯門檻,提醒,地圖『即將截止』天數,backend/routers/map_points.py:1025,CLOSING_SOON_DAYS = 7,PM,none,none,none,S,P3,E
CFG-079,K08 提醒、逾期與停滯門檻,helpers/company_setup,憑證／簽章到期警示天數與寬限小時,backend/helpers/company_setup.py:470,SIGNED_EXPIRY_WARN_DAYS=30; GRACE_EXPIRY_WARN_HOURS=6; GRACE_MAX_HOURS=72（:64）,superadmin,legal 授權／公司確認簽章效期，GRACE_MAX 屬政策,legal,none,S,P4,C
CFG-080,K08 提醒、逾期與停滯門檻,helpers/system_checks,憑證長效判定天數,backend/helpers/system_checks.py:50,_CERT_LONG_LIVED_DAYS = 180,superadmin,security,security,none,S,P4,C
CFG-081,K09 編號規則,core/db 實體編號,共用編號產生器：固定 前綴-YYYYMM-NNN（月重置、3 位數）；呼叫前綴 C S V CN DN IV PR PV NP PO(批號),backend/db.py:5834,"month=%Y%m；pattern f""{prefix}-{month}-???""；LENGTH=prefix+11（超過 999 張／月會破格）",admin,ops 位數／重置期寫死,ops,none（custom_modules 已有 PREFIX_RE 自訂前綴，helpers/custom_modules.py:28）,M,P2,B
CFG-082,K09 編號規則,case/費用單據,請購／採購／差旅／零用金單號前綴與格式（日重置、4 位數），與其它模組格式不同；PR 與請款單 PR、PO 與庫存批號 PO 前綴重複,backend/modules/case/expense_forms.py:19,"KIND_PREFIX = {purchase_req:PR, purchase_order:PO, travel:TE, petty_cash:PC}；{前綴}-{YYYYMMDD}-{NNNN}（:265-272）",admin,none 純顯示,none,expense-types designer（helpers/expense_types.py PREFIX_RE 已允許自訂前綴）,S,P2,B
CFG-083,K09 編號規則,case/叫料單,叫料單／變更／匯款單號前綴與日重置 4 位格式,backend/modules/case/material_approval.py:27,"DOC_PREFIX=""MO""（material_change.py:27=""MC""、material_payment.py:32=""MP""）；MO-YYYYMMDD-NNNN（:153-161）",admin,none,none,none,S,P3,B
CFG-084,K09 編號規則,case/報價單,報價單單號格式 MQ-YYYYMM-NNN（月重置、3 位數、前綴固定）；audit.py:34、migrations.py:360 以 regex 反推,backend/modules/case/api/quotations.py:732,"f""MQ-{month}-{next_seq:03d}""（quote_seq 表以月為鍵）",admin,legal 單號被稽核／獎金／遷移 regex 依賴，改格式易斷,legal,none,L,P4,B
CFG-085,K10 狀態、顏色與選項清單,crm/商機,商機狀態選項寫死,backend/modules/crm/api.py:26,"_STATUS_OPTIONS = [洽談中, 成案, 未成案, 暫擱置]",sales,ops 低風險純分類,ops,none,S,P1,B
CFG-086,K10 狀態、顏色與選項清單,netplan/網路規劃,網路規劃狀態列表寫死,backend/modules/netplan/api.py:58,"_STATUSES = (規劃中, 已確認, 已交付)",PM,none,none,none,S,P1,B
CFG-087,K10 狀態、顏色與選項清單,frontend/案件管理,狀態→badge 顏色對照表重複貼在多個頁面（同一行複製 5 次）,frontend/js/case-management-dispatch.js:845,"{草稿:badge--draft, 待審核:badge--pending, 簽核中:badge--signing, 已核准:badge--approved, 已駁回:badge--rejected, 已作廢:badge--lost}；同樣一行重複於 case-management-fin.js:699、:802、case-management-shipping.js:471、pages/payment-request-form.html:394",admin,none 純顯示,none,none（CSS badge--* class 已集中，僅 status→class 映射重複）,S,P1,B
CFG-088,K10 狀態、顏色與選項清單,frontend/完工單,完工單狀態顏色以硬編碼十六進位色,frontend/pages/completion-note-form.html:455,已核准 #DCFCE7/#15803D；待審核/簽核中 #FEF3C7/#92400E（js/case-management-completion.js:146-147 用 badge-green/badge-amber；exec.js:141-143、206-208 用 var(--success)）,admin,none,none,none,S,P2,B
CFG-089,K10 狀態、顏色與選項清單,frontend/報價單,報價單狀態顯示文字與顏色（待審核顯示『審核中』）寫死,frontend/pages/quotations.html:653,"待審核→{text:'審核中',cls:'badge--pending'}；quotation-form.html:806/:821 另一份 map",sales,none,none,none,S,P2,B
CFG-090,K10 狀態、顏色與選項清單,helpers/採購建議,採購建議狀態序列寫死（建議→已下單→已到貨）,backend/helpers/procurement.py:30,"STATUS_SEQUENCE = (STATUS_SUGGESTED, STATUS_ORDERED, STATUS_RECEIVED)",PM,ops,ops,none,M,P4,B
CFG-091,K10 狀態、顏色與選項清單,lodging,住宿報價單位,backend/modules/lodging/search.py:20,"{per_night:每晚, per_person:每人}",admin,none,none,none,S,P4,D
CFG-092,K10 狀態、顏色與選項清單,trail/稽核顯示,稽核軌跡的狀態標籤、動作標籤、模組標籤集中寫死表,backend/trail.py:502,STATUS_LABELS = {…}（ACTION_LABELS :222、MODULE_LABELS :62、KIND_LABELS :294）；helpers/audit.py:36 _MODULE_LABELS 重複,superadmin,none,none,none,M,P4,B
CFG-093,K11 刪除、編輯與作廢規則（D1）,case/案件支出申請,額外支出可編輯／可刪除狀態寫死為 草稿＋已駁回（編輯、刪除、變更申請共用）,backend/modules/case/api/case_extra_expenses.py:81,"EDITABLE_STATUSES = (""草稿"", ""已駁回"")（用於 :574 :833 :924；:1522 另有一份寫死）",superadmin,money 放寬編輯會讓已送審金額被改,money,none（可掛 per-doc-type 規則表，沿用 system_settings）,M,P2,B
CFG-094,K11 刪除、編輯與作廢規則（D1）,arap/發票開立簽核單,發票開立簽核單刪除／送審僅草稿,backend/modules/arap/api/invoice_vouchers.py:470,"status != ""草稿"" → 409（送審 :497）",admin,legal 發票／稅務,legal,none,S,P3,B
CFG-095,K11 刪除、編輯與作廢規則（D1）,arap/請款單,請款單修改／刪除／送審僅草稿,backend/modules/arap/api/payment_requests.py:477,"status != ""草稿"" → 409（刪除 :563、送審 :590）",admin,money,money,none,S,P3,B
CFG-096,K11 刪除、編輯與作廢規則（D1）,case/完工單,完工單編輯／刪除／送審皆僅草稿,backend/modules/case/api/completion_notes.py:326,"if row[""status""] != ""草稿"" → 409（刪除 :370、送審 :400）",admin,legal 完工單為驗收憑據,legal,none,S,P3,B
CFG-097,K11 刪除、編輯與作廢規則（D1）,case/報價單,報價單可手動 PATCH 的狀態白名單,backend/modules/case/api/quotations.py:1951,"_STATUS_PATCH_WHITELIST = {草稿,待審核,已送出,已取消,已拒絕}",admin,ops 狀態流轉規則,ops,none,M,P3,B
CFG-098,K11 刪除、編輯與作廢規則（D1）,case/報價單,報價單僅草稿可刪除（其餘 403）,backend/modules/case/api/quotations.py:2502,"if row[""status""] != ""草稿"" → 403",admin,legal 已送出報價單為商業憑據,legal,none,S,P3,B
CFG-099,K11 刪除、編輯與作廢規則（D1）,case/認列,認列／結算計入哪些額外支出狀態寫死,backend/modules/case/recognition.py:416,"COUNTED_EXTRA_STATUSES = (待審核, 簽核中, 已核准)；accounting/ledger/periods.py:17 UNPOSTED_STATUSES",finance,money 影響利潤／結帳門檻,money,none,M,P3,B
CFG-100,K11 刪除、編輯與作廢規則（D1）,subcontract/承攬商匯款申請,匯款申請刪除／送審僅草稿，已送審分期申請只能作廢,backend/modules/subcontract/api/contractor_vouchers.py:524,"status != ""草稿"" → 409（送審 :626）",admin,money,money,none,S,P3,B
CFG-101,K11 刪除、編輯與作廢規則（D1）,supply/出貨單,出貨單編輯／刪除／送審僅草稿,backend/modules/supply/api/shipping_notes.py:337,"if row[""status""] != ""草稿"" → 409（刪除 :363、送審 :391）",admin,money 出貨連動庫存扣減,money,none,S,P3,B
CFG-102,K11 刪除、編輯與作廢規則（D1）,accounting/傳票,傳票狀態集合、可編輯狀態、凍結狀態、終態寫死；有測試鎖死 EDITABLE=草稿,backend/modules/accounting/voucher.py:36,"VOUCHER_STATUSES=(草稿,待審核,簽核中,已核准,已過帳)；EDITABLE_STATUSES=(""草稿"",)（:41）；_FROZEN_STATUS=""已過帳""（:367）",superadmin,legal|money 已過帳不可改是法定要求，不宜開放；DB 觸發器亦硬擋,legal|money,none（刻意鎖死，§103e 測試）,L,P4,B
CFG-103,K11 刪除、編輯與作廢規則（D1）,case/叫料單,叫料單狀態集合寫死（草稿/待審核/簽核中/已核准/已退回/已取消）；取消為已核准後 admin 以上＋理由,backend/modules/case/material_approval.py:29,S_DRAFT..S_CANCELLED（material_change.py:30 另有 已撤回）,superadmin,ops 狀態字串被多模組以字串比對,ops,none,L,P4,B
CFG-104,K11 刪除、編輯與作廢規則（D1）,case/叫料單,『保留額度／計入』狀態集合寫死（影響額度與庫存預留）,backend/modules/case/material_coverage.py:13,"LIVE_STATUSES = (草稿,待審核,簽核中,已核准)；material_payment.py:40 QUOTA_STATUSES；supply/material_link.py:18-19 RESERVED_STATUSES / SHIPPED_STATUSES",superadmin,money 影響額度與庫存預留計算,money,none,L,P4,B
CFG-105,K12 簽核鏈與簽核標籤,helpers/簽核共用,可簽核單據類型為程式內固定清單與預設『走統一流程』分組（新類型需 register_doc_type 於程式碼登記）,backend/helpers/tiered_approval.py:58,APPROVAL_DOC_TYPES 9 類；DEFAULT_UNIFIED_DOC_TYPES（:66）；標籤 :68,superadmin,ops 預設分組只影響未設定時的 fallback,ops,approval-flow-scope（已可由設定頁覆寫，僅『預設』與清單寫死）,S,P3,BD
CFG-106,K12 簽核鏈與簽核標籤,payroll／accounting,"簽核層級名稱 ('覆核','主管') 寫死，超過兩層才顯示『第 N 層』（兩處重複）",backend/modules/payroll/bonus.py:372,"_TIER_LABELS = (""覆核"", ""主管"")（accounting/voucher.py:469 同）",admin,ops,ops,approval-flow settings（/api/settings/approval-flow*）,S,P3,A
CFG-107,K12 簽核鏈與簽核標籤,helpers/簽核佇列,簽核佇列『進行中』狀態與單據類型標籤寫死,backend/helpers/approval_queue.py:26,"ACTIVE_STATUSES = (待審核, 簽核中)；routers/approval_queue.py:228 _ITEM_TYPE_LABELS",superadmin,ops,ops,none,S,P4,B
CFG-108,K12 簽核鏈與簽核標籤,helpers/簽核共用,組織簽核鏈固定為 部門主管→處主管（兩層，本人即主管則往上、頂端止於知會）,backend/helpers/tiered_approval.py:182,resolve_submitter_org_chain：dept manager → division manager；ORG_ROLE_LABELS（:176）,superadmin,money|legal 簽核深度／自簽規則,money|legal,approval-flow settings（tiers 可選『部門主管自動』層，層數可設，org 展開邏輯寫死）,M,P4,B
CFG-109,K13 通知對象與矩陣,helpers/email_notify,通知矩陣：module_activity 一律寄全體 admin/superadmin、audience=finance 寄財務+superadmin（收件角色寫死於程式）,backend/helpers/email_notify.py:1830,audience='admins'|'finance'；_admin_emails / _finance_audience_emails（:271/:297）,superadmin,ops 誰收信；收件人涉及財務敏感資訊,ops,system_settings email_notify（每類型開關）、mail_recipient_overrides（收件人覆寫）、個人 mail 偏好；角色分流仍寫死,M,P2,C
CFG-110,K13 通知對象與矩陣,case/expense_notify,費用單據出納通知對象＝財務角色+superadmin（寫死）,backend/modules/case/expense_notify.py:71,helpers.auth.finance_usernames(conn),finance,money 付款／匯款通知對象,money,mail_recipient_overrides（若涵蓋此類型）；站內通知 helpers/audit._notify 無開關,M,P2,C
CFG-111,K13 通知對象與矩陣,helpers/audit,站內通知（_notify）無逐類型開關，收件人由各模組呼叫端決定,backend/helpers/audit.py:126,"_notify(username, type_, ref_id, ref_label, message, link)",superadmin,ops,ops,mail_types registry 只管信件；站內通知偏好可延用,L,P3,C
CFG-112,K14 文件版式與措辭（PDF／表單）,PDF/報價,報價單條款區塊標題與順序（付款／交貨／保固／售後／驗收）,backend/pdf_gen.py:334,term_block('付款條件')…'交貨條件'…'保固條件'…'售後服務'…'驗收標準',admin,legal 合約條款版式,legal,quote_terms_presets（只管內容）；標題／順序可併入 module.json customization.outputs,M,P2,D
CFG-113,K14 文件版式與措辭（PDF／表單）,accounting/傳票,傳票簽章欄位標籤固定『覆核／主管』，第三層起『第N層』,backend/modules/accounting/voucher.py:469,"_TIER_LABELS = (""覆核"", ""主管"")；簽名格 製票/覆核/主管（:460-464）",finance,none 版面,none,module.json customization(outputs)／FORM-DESIGNER 可承接,S,P3,B
CFG-114,K14 文件版式與措辭（PDF／表單）,PDF/出貨,出貨單簽收欄「客戶簽收 · 簽章」,backend/pdf_gen.py:1322,客戶簽收 · 簽章,admin,legal,legal,customization.outputs／doc_template,S,P3,D
CFG-115,K14 文件版式與措辭（PDF／表單）,PDF/請款,請款範圍業務語意分類（訂金款／交貨款／驗收款…）,backend/pdf_gen.py:2097,"""acceptance"": ""驗收款""（同表其他階段）",finance,money 請款階段名稱,money,default_payment_terms／quote_terms_presets,M,P3,D
CFG-116,K14 文件版式與措辭（PDF／表單）,PDF/報價,有效期限措辭「N 日內」,backend/pdf_gen.py:444,有效期限：{validDays} 日內,admin,legal 措辭,legal,customization.outputs,S,P3,D
CFG-117,K14 文件版式與措辭（PDF／表單）,PDF/報價,簽章欄位標籤「買方確認 · 簽章」,backend/pdf_gen.py:500,買方確認 · 簽章,admin,legal 簽核區塊,legal,customization.outputs／doc_template,S,P3,D
CFG-118,K14 文件版式與措辭（PDF／表單）,PDF/狀態,PDF 內狀態中文對照（待驗收／已驗收…）,backend/pdf_gen.py:2572,"""pending_acceptance"": ""待驗收"", ""accepted"": ""已驗收""",admin,none,none,none,S,P4,D
CFG-119,K14 文件版式與措辭（PDF／表單）,PDF 通用,報價 PDF「報價預留間接成本」列名,backend/pdf_gen.py:94,報價預留間接成本（運費／安裝／差旅／保固／其他）,admin,money 毛利表述（第 48 班已移除五項間接成本，此字樣可能已過期）,money,customization.outputs,S,P4,D
CFG-120,K14 文件版式與措辭（PDF／表單）,報價單前端,報價表單版本號（單據留存、守門測試綁定）,frontend/pages/quotation-form.html:2184,const FORM_VERSION = 'V3.20',superadmin,legal 表單版本留存為證據；測試守門強制隨內容改，不宜可編輯,legal,none（刻意由雜湊守門測試管控）,L,P4,D
CFG-121,K15 類別清單與會計科目對照,case/額外支出,額外支出類別清單,backend/modules/case/api/case_extra_expenses.py:91,工時/材料/差旅/運費/安裝/外包/其他,finance,money 類別影響成本歸集與報表,money,expense-types designer／gl_category_map（類別需對應科目）,M,P1,D
CFG-122,K15 類別清單與會計科目對照,料件,料件類別與編號前綴,backend/helpers/part_catalog.py:10,網通設備 NET／監控設備 CCTV／交換器 SW／伺服器·工控 SVR／線材配件 CAB／其他 OTH,admin,ops 前綴影響料號與 T100 匯出,ops,t100_export_config（部分）,M,P2,D
CFG-123,K15 類別清單與會計科目對照,accounting/ledger,稅務科目角色對照（進項／銷項／應付營業稅／留抵）,backend/modules/accounting/ledger/roles.py:48,"{1268:input_tax, 2204:output_tax, 2194:tax_payable, 1269:tax_carry}",finance,money 報稅／401 取數依賴科目碼,money,gl_category_map／科目表 role 欄位（bonus_payable_account_code 先例）,M,P2,D
CFG-124,K15 類別清單與會計科目對照,analytics,設備類料件類別集合（報表判斷設備）,backend/modules/analytics/api/reports.py:3194,"{網通設備,監控設備,交換器,伺服器/工控}",admin,money 報表分類與料件類別清單脫鉤,money,part_catalog 類別設定（若可編輯）,S,P2,D
CFG-125,K15 類別清單與會計科目對照,accounting/ledger,自訂事件的「發票」類型字面值,backend/modules/accounting/ledger/custom_events.py:31,"{invoice,統一發票,發票,電子發票}",finance,money 是否視為發票入帳,money,none,S,P3,D
CFG-126,K15 類別清單與會計科目對照,accounting/ledger,現金流量表科目對照,backend/modules/accounting/ledger/fs_lines.py:78,_CF_BY_CODE = {…},finance,money 現流表分類,money,科目表 cf_line 設定,M,P3,D
CFG-127,K15 類別清單與會計科目對照,accounting/ledger,成本抵減科目集合,backend/modules/accounting/ledger/roles.py:14,"{5123,5124,5133,5134}",finance,money 損益方向,money,科目表屬性,M,P3,D
CFG-128,K15 類別清單與會計科目對照,accounting/ledger,銷貨折讓類科目對應財報行,backend/modules/accounting/ledger/roles.py:18,"{4113,4114,4232: IS_REV_ALLOW}",finance,money 損益表分類,money,科目表 fs_line 設定,M,P3,D
CFG-129,K15 類別清單與會計科目對照,accounting/傳票,傳票類別固定「收／支／轉」,backend/modules/accounting/api/vouchers.py:185,"_CATEGORIES = (""收"",""支"",""轉"")",finance,legal 會計傳票類型,legal,none,M,P4,D
CFG-130,K15 類別清單與會計科目對照,accounting/ledger,損益類科目型別集合,backend/modules/accounting/ledger/roles.py:10,"(revenue,cost,expense,other_income,other_expense,tax,oci)",superadmin,legal 會計準則結構,legal,none（結構性，不建議開放）,L,P4,D
CFG-131,K15 類別清單與會計科目對照,accounting/ledger/withholding,扣繳報表單次最多列數 2000,backend/modules/accounting/ledger/withholding.py:29,REPORT_LIMIT = 2000,superadmin,none,none,none,S,P4,A
CFG-132,K16 角色、權限與儀表板顯示,假日/工作日,國定假日／補班日表是打包的靜態 JSON（需發版更新）；年份不涵蓋時只辨識週末（靜默退化）,backend/helpers/business_days.py:20,holidays_tw.json（行政院人事行政總處）,admin,ops 年度到期後只排除週六日,ops,none（可加 system_settings 覆寫層：公司自訂休息日／補班日）,M,P2,E
CFG-133,K16 角色、權限與儀表板顯示,儀表板,儀表板依角色字面值決定能否看報價卡（superadmin/admin/sales）,backend/modules/analytics/api/dashboard.py:32,"role in ('superadmin','admin','sales') or 'quotation' in mods",admin,none 僅顯示層，資料另有權限檢查,none,modules 權限（已有 'quotation' 模組鍵）,S,P2,E
CFG-134,K16 角色、權限與儀表板顯示,角色,財務能力綁定角色 finance + superadmin，財務三鍵由角色推導,backend/helpers/auth.py:155,"FINANCE_ROLES=('superadmin','finance'); keys cashier/finance/financial_view",superadmin,money 第 42 班使用者裁示；已有 finance_via_effective 影子旗標在遷移,money,system_settings finance_via_effective（off/shadow/on，helpers/auth.py:163）,L,P3,E
CFG-135,K16 角色、權限與儀表板顯示,helpers/auth,內建角色清單（驗證建立／修改使用者的 role）,backend/helpers/auth.py:156,"FINANCE_ROLES=(superadmin, FINANCE_ROLE)；VALID_ROLES=(superadmin,admin,sales,engineer,viewer,FINANCE_ROLE)（:158）；routers/system.py:2680 _VALID_BASE_ROLES；helpers/mail_types.py:26 ROLES",superadmin,security,security,permission matrix (1d) / custom_roles,M,P3,BE
CFG-136,K16 角色、權限與儀表板顯示,helpers/案件角色,案件角色固定三種：填表人／業務負責／執行負責,backend/helpers/case_roles.py:9,"ROLE_LABELS = {filler:填表人, sales:業務負責, executor:執行負責}",admin,security 與案件存取判斷綁定,security,role_labels / custom_roles（僅標籤，案件角色集合不同）,M,P3,B
CFG-137,K16 角色、權限與儀表板顯示,儀表板,儀表板『是否 admin 視角』判斷,backend/modules/analytics/api/dashboard.py:631,"role in ('superadmin','admin')（:811 同）",admin,none 顯示範圍,none,none,S,P3,E
CFG-138,K16 角色、權限與儀表板顯示,角色,出納差額審核決定者＝財務存取（admin 直通已拿掉）,backend/modules/arap/api/cashier.py:356,has_finance_access(user),finance,money 付款審核,money,duty roles / 權限矩陣專案,M,P3,E
CFG-139,K16 角色、權限與儀表板顯示,選單,選單群組固定在 core/menu_l1.json，模組不可自開群組；項目 group/order/perm 來自各 module.json（管理員已可用 apply_layout 調整排版）,backend/core/menu.py:26,群組鍵固定；perm ∈ any/superadmin/[模組鍵],superadmin,none,none,core/menu.py:139 apply_layout + routers/platform_menu.py:51（已可編輯排版）；modules_disabled 控制顯示,S,P4,E
CFG-140,K16 角色、權限與儀表板顯示,儀表板,儀表板活動動態每區塊最多列 40 筆,backend/modules/analytics/api/dashboard.py:842,LIMIT 40（:858/882/900/926/949/978 同）,admin,none 純顯示,none,none,S,P4,E
CFG-141,K16 角色、權限與儀表板顯示,UX,全域搜尋每類結果數,backend/routers/search.py:14,_LIMIT = 6,admin,none,none,none,S,P4,E
