id,module,category,framework_target,group,item,status
CFG-113,accounting,A,權限矩陣（含選單／委任／並行角色）＋ approval_policy,K14 文件版式與措辭（PDF／表單）,傳票簽章欄位標籤固定『覆核／主管』，第三層起『第N層』,open
CFG-123,accounting,A,權限矩陣（含選單／委任／並行角色）＋ approval_policy,K15 類別清單與會計科目對照,稅務科目角色對照（進項／銷項／應付營業稅／留抵）,open
FC-029,accounting,A,權限矩陣（含選單／委任／並行角色）＋ approval_policy,會計科目表、帳務角色與類別→科目對照,法定會計科目表（商業會計項目表 112 版）整份種入,open
FC-030,accounting,A,權限矩陣（含選單／委任／並行角色）＋ approval_policy,會計科目表、帳務角色與類別→科目對照,帳務角色→預設科目整張表（現金、銀行、AR、AP、銷項稅…約 38 個角色）,open
FC-031,accounting,A,權限矩陣（含選單／委任／並行角色）＋ approval_policy,會計科目表、帳務角色與類別→科目對照,稅務屬性科目代號、反向科目名單、科目類別推導規則,open
FC-032,accounting,A,權限矩陣（含選單／委任／並行角色）＋ approval_policy,會計科目表、帳務角色與類別→科目對照,科目→財報列對應與財報列定義（資產負債表 35 列、損益表 14 列）,open
FC-033,accounting,A,權限矩陣（含選單／委任／並行角色）＋ approval_policy,會計科目表、帳務角色與類別→科目對照,現金流量分類預設,open
FC-034,accounting,A,權限矩陣（含選單／委任／並行角色）＋ approval_policy,會計科目表、帳務角色與類別→科目對照,費用類別→科目對照與兜底角色,open
FC-037,accounting,A,權限矩陣（含選單／委任／並行角色）＋ approval_policy,會計科目表、帳務角色與類別→科目對照,T100 匯出科目與傳票別設定,open
FC-038,accounting,A,權限矩陣（含選單／委任／並行角色）＋ approval_policy,會計科目表、帳務角色與類別→科目對照,存貨成本法（移動加權平均）,open
GAP-A-005,accounting,A,權限矩陣（含選單／委任／並行角色）＋ approval_policy,A 權限/選單/動作,傳票附件在檔案中心的可見角色＝superadmin 或 cashier／finance 模組權限,open
CFG-008,accounting,B,設定中心群組／依生效日的法規參數,K02 營業稅與法定參數,營業稅法定稅率 5%，後端多處重複：tax_calc、supply gl_events、arap 應收拆稅 /1.05、case recog,open
CFG-013,accounting,B,設定中心群組／依生效日的法規參數,K02 營業稅與法定參數,報價單稅率預設 5、含稅／免稅切換寫 5 或 0；進項稅 0.05 另寫；售價回推進位到 5 元,open
CFG-016,accounting,B,設定中心群組／依生效日的法規參數,K02 營業稅與法定參數,401 媒體申報手動欄位代碼,open
FC-001,accounting,B,設定中心群組／依生效日的法規參數,營業稅率、稅別與含稅換算,營業稅率常數（單一 Python 常數，非生效日版本）,open
FC-003,accounting,B,設定中心群組／依生效日的法規參數,營業稅率、稅別與含稅換算,舊資料稅率判斷界線（0／0<r<5／其餘）,open
FC-008,accounting,B,設定中心群組／依生效日的法規參數,營業稅率、稅別與含稅換算,前端稅率下拉與預設（派工含稅 5%／未稅、表單設計器稅率）,open
FC-009,accounting,B,設定中心群組／依生效日的法規參數,營業稅率、稅別與含稅換算,表單版型內的稅額公式（報價／採購版型）,open
FC-025,accounting,B,設定中心群組／依生效日的法規參數,扣繳、二代健保、最低工資（法規參數）,扣繳／補充保費繳庫期限（次月 10 日、次月底）,open
GAP-A-033,accounting,B,設定中心群組／依生效日的法規參數,B 參數/門檻/費率,授信期間（帳期天數：預設、依客戶覆寫、與 arap 帳齡分段／提醒的銜接）,open
CFG-102,accounting,C,單據型別狀態與規則定義（語意狀態碼、編輯鎖規則）,K11 刪除、編輯與作廢規則（D1）,傳票狀態集合、可編輯狀態、凍結狀態、終態寫死；有測試鎖死 EDITABLE=草稿,open
CFG-122,accounting,D,編號產生器（前綴／位數／重置週期由設定給）,K15 類別清單與會計科目對照,料件類別與編號前綴,open
FC-012,accounting,D,編號產生器（前綴／位數／重置週期由設定給）,零稅率／免稅依據、發票、統編與 401 申報格式,統一編號檢查碼演算法,open
FC-039,accounting,D,編號產生器（前綴／位數／重置週期由設定給）,會計期間、傳票編號與認列日期切換,會計年度起始月,open
FC-040,accounting,D,編號產生器（前綴／位數／重置週期由設定給）,會計期間、傳票編號與認列日期切換,每年固定 12 期、第 12 期決算、年度範圍 1911～2200,open
FC-041,accounting,D,編號產生器（前綴／位數／重置週期由設定給）,會計期間、傳票編號與認列日期切換,『未過帳』傳票狀態清單（在多個檔案各抄一份）,open
FC-042,accounting,D,編號產生器（前綴／位數／重置週期由設定給）,會計期間、傳票編號與認列日期切換,期間狀態機與解鎖規則（open→closed→locked；解鎖須 superadmin＋理由）,open
FC-043,accounting,D,編號產生器（前綴／位數／重置週期由設定給）,會計期間、傳票編號與認列日期切換,年度結轉科目與傳票結構（3353 本期損益、3351 累積盈虧）,open
FC-044,accounting,D,編號產生器（前綴／位數／重置週期由設定給）,會計期間、傳票編號與認列日期切換,引擎自動掃描排程間隔與視窗,open
FC-045,accounting,D,編號產生器（前綴／位數／重置週期由設定給）,會計期間、傳票編號與認列日期切換,傳票單號格式 YYYYMMDD-NNN（每日 999 張上限）,open
FC-046,accounting,D,編號產生器（前綴／位數／重置週期由設定給）,會計期間、傳票編號與認列日期切換,傳票類別（收／支／轉）與自動分類規則,open
FC-049,accounting,D,編號產生器（前綴／位數／重置週期由設定給）,會計期間、傳票編號與認列日期切換,營運報表預設認列口徑（現金／應計）,open
CFG-125,accounting,F,清單登錄（類別、單位、科目對照；定義庫）,K15 類別清單與會計科目對照,自訂事件的「發票」類型字面值,open
CFG-126,accounting,F,清單登錄（類別、單位、科目對照；定義庫）,K15 類別清單與會計科目對照,現金流量表科目對照,open
CFG-127,accounting,F,清單登錄（類別、單位、科目對照；定義庫）,K15 類別清單與會計科目對照,成本抵減科目集合,open
CFG-128,accounting,F,清單登錄（類別、單位、科目對照；定義庫）,K15 類別清單與會計科目對照,銷貨折讓類科目對應財報行,open
CFG-129,accounting,F,清單登錄（類別、單位、科目對照；定義庫）,K15 類別清單與會計科目對照,傳票類別固定「收／支／轉」,open
CFG-130,accounting,F,清單登錄（類別、單位、科目對照；定義庫）,K15 類別清單與會計科目對照,損益類科目型別集合,open
CFG-131,accounting,F,清單登錄（類別、單位、科目對照；定義庫）,K15 類別清單與會計科目對照,扣繳報表單次最多列數 2000,open
FC-077,accounting,G,版式定義／欄位政策（document field-policy）,手續費、匯款、幣別與進位,金額四捨五入出口不一致（法規金額用 half-up；401 加總與 PDF 金額用 Python round）,open
CFG-058,accounting,H,整合設定（金鑰、排程、節流、外部源）,K07 排程時刻與外部資料源節流,總帳引擎自動執行間隔與啟動延遲,open
CH-10-09,accounting,H,整合設定（金鑰、排程、節流、外部源）,介面、術語、多據點、地區與外部整合,語系與格式固定 zh-TW，無 locale／幣別設定,open
FC-013,accounting,H,整合設定（金鑰、排程、節流、外部源）,零稅率／免稅依據、發票、統編與 401 申報格式,401 稅碼→申報欄位對照（預設整張表）,open
FC-014,accounting,H,整合設定（金鑰、排程、節流、外部源）,零稅率／免稅依據、發票、統編與 401 申報格式,401 官方欄位名稱表、合計公式與警示規則,open
FC-015,accounting,H,整合設定（金鑰、排程、節流、外部源）,零稅率／免稅依據、發票、統編與 401 申報格式,401 媒體申報檔格式（112 欄、分隔符、overpunch、固定長度）,open
FC-016,accounting,H,整合設定（金鑰、排程、節流、外部源）,零稅率／免稅依據、發票、統編與 401 申報格式,申報期別（雙月制）,open
FC-017,accounting,H,整合設定（金鑰、排程、節流、外部源）,零稅率／免稅依據、發票、統編與 401 申報格式,預設發票媒介（default_invoice_medium）,open
FC-019,accounting,H,整合設定（金鑰、排程、節流、外部源）,零稅率／免稅依據、發票、統編與 401 申報格式,自訂單據視為『統一發票』的憑證種類字串,open
FC-020,accounting,H,整合設定（金鑰、排程、節流、外部源）,零稅率／免稅依據、發票、統編與 401 申報格式,進項稅額可扣抵判定（僅 doc_type=invoice 且非不可扣抵）,open
CFG-049,accounting,I,設定中心 retention／uploads 群組,K06 上傳與容量上限,各資料夾額外放行副檔名（傳票附件 Word/Excel、支出 HEIC）,open
CH-07-06,accounting,I,設定中心 retention／uploads 群組,主檔欄位、匯入匯出與備份範圍,客戶／供應商主檔完全沒有必填與格式驗證規則（統編、電話）,open
CH-08-02,accounting,I,設定中心 retention／uploads 群組,附件規則與文件版式,各類單據 PDF 標題等固定字串（傳票類別名稱等）無法由業務調整,open
CFG-006,analytics,A,權限矩陣（含選單／委任／並行角色）＋ approval_policy,K01 利潤警示與目標門檻,公益捐款比率 1%（後端；前端 profit-rules.js 亦同，PDF 標籤『公益捐款（1%）』）,open
CFG-132,analytics,A,權限矩陣（含選單／委任／並行角色）＋ approval_policy,K16 角色、權限與儀表板顯示,國定假日／補班日表是打包的靜態 JSON（需發版更新）；年份不涵蓋時只辨識週末（靜默退化）,open
CFG-133,analytics,A,權限矩陣（含選單／委任／並行角色）＋ approval_policy,K16 角色、權限與儀表板顯示,儀表板依角色字面值決定能否看報價卡（superadmin/admin/sales）,open
CFG-134,analytics,A,權限矩陣（含選單／委任／並行角色）＋ approval_policy,K16 角色、權限與儀表板顯示,財務能力綁定角色 finance + superadmin，財務三鍵由角色推導,open
CFG-135,analytics,A,權限矩陣（含選單／委任／並行角色）＋ approval_policy,K16 角色、權限與儀表板顯示,內建角色清單（驗證建立／修改使用者的 role）,open
CFG-136,analytics,A,權限矩陣（含選單／委任／並行角色）＋ approval_policy,K16 角色、權限與儀表板顯示,案件角色固定三種：填表人／業務負責／執行負責,open
CFG-137,analytics,A,權限矩陣（含選單／委任／並行角色）＋ approval_policy,K16 角色、權限與儀表板顯示,儀表板『是否 admin 視角』判斷,open
CFG-139,analytics,A,權限矩陣（含選單／委任／並行角色）＋ approval_policy,K16 角色、權限與儀表板顯示,選單群組固定在 core/menu_l1.json，模組不可自開群組；項目 group/order/perm 來自各 module.json,open
CFG-140,analytics,A,權限矩陣（含選單／委任／並行角色）＋ approval_policy,K16 角色、權限與儀表板顯示,儀表板活動動態每區塊最多列 40 筆,open
CFG-141,analytics,A,權限矩陣（含選單／委任／並行角色）＋ approval_policy,K16 角色、權限與儀表板顯示,全域搜尋每類結果數,open
FC-002,analytics,A,權限矩陣（含選單／委任／並行角色）＋ approval_policy,營業稅率、稅別與含稅換算,稅別清單與標籤『應稅 5%』（稅率寫在字串裡）,open
CFG-001,analytics,B,設定中心群組／依生效日的法規參數,K01 利潤警示與目標門檻,營業利益率目標警示門檻 12%（紅）：後端與前端各一份；operating_targets 設定並未餵進這條警示,open
CFG-002,analytics,B,設定中心群組／依生效日的法規參數,K01 利潤警示與目標門檻,報價單營業利益率燈號 12% 紅／20% 黃／綠，及「低於目標 12%」文字，寫在樣板，與 profit-rules.js 的 12 重複,open
CFG-003,analytics,B,設定中心群組／依生效日的法規參數,K01 利潤警示與目標門檻,精算頁、營運報表的利潤率 20% 綠／10% 橘門檻（與報價單 12/20 不一致，三處各寫各的）,open
CFG-004,analytics,B,設定中心群組／依生效日的法規參數,K01 利潤警示與目標門檻,前端複製一份：舊口徑管銷 10%、預設管銷 25、公益 1%、目標 12 全寫死（與後端重複，靠黃金向量測試對齊）；DEFAULT_OVER,open
CFG-007,analytics,B,設定中心群組／依生效日的法規參數,K01 利潤警示與目標門檻,舊口徑管銷＝報價稅前 10% 固定值（已結案舊單用，歷史口徑）,open
FC-058,analytics,B,設定中心群組／依生效日的法規參數,利潤口徑：管銷、公益、目標與警示色階,利潤口徑開關與公益基數（overhead_rule_mode、charity_basis_mode）,open
FC-059,analytics,B,設定中心群組／依生效日的法規參數,利潤口徑：管銷、公益、目標與警示色階,管銷分攤預設百分比（25%）,open
FC-060,analytics,B,設定中心群組／依生效日的法規參數,利潤口徑：管銷、公益、目標與警示色階,公益捐款費率（1%）,open
FC-061,analytics,B,設定中心群組／依生效日的法規參數,利潤口徑：管銷、公益、目標與警示色階,舊口徑管銷 10%（稅前×10%）,open
FC-062,analytics,B,設定中心群組／依生效日的法規參數,利潤口徑：管銷、公益、目標與警示色階,營業利益率目標門檻（12% 紅）與達標色階（20／10）,open
FC-063,analytics,B,設定中心群組／依生效日的法規參數,利潤口徑：管銷、公益、目標與警示色階,直接毛利率色階（報價單 30／40、報價列表 30／35）,open
FC-064,analytics,B,設定中心群組／依生效日的法規參數,利潤口徑：管銷、公益、目標與警示色階,報價成本加成 1.05 與單價公式、單價進位規則（先進位到 5，再依百位進位到 100／50）,open
CFG-067,analytics,E,通知規則（對象／模板／節奏）,K08 提醒、逾期與停滯門檻,報價追蹤門檻：報價滿 14 天未回覆列入跟進,open
CFG-068,analytics,E,通知規則（對象／模板／節奏）,K08 提醒、逾期與停滯門檻,開發案停滯門檻：30 天無動靜列入停滯,open
CFG-073,analytics,E,通知規則（對象／模板／節奏）,K08 提醒、逾期與停滯門檻,應收帳齡色階門檻（>60 橘、>90 紅）,open
CH-09-02,analytics,E,通知規則（對象／模板／節奏）,通知與提醒,提醒結構（誰收／何事提醒）散在各模組呼叫端,open
FC-067,analytics,E,通知規則（對象／模板／節奏）,付款條件、帳齡、提醒與假日曆,應收帳齡分段（0-30／31-60／61-90／90+，以報價日為基準）,open
FC-081,analytics,E,通知規則（對象／模板／節奏）,報價預設與審核門檻,報價追蹤提醒（寄出後 14 天未回覆）與到期警示（剩 3 天）,open
CFG-124,analytics,F,清單登錄（類別、單位、科目對照；定義庫）,K15 類別清單與會計科目對照,設備類料件類別集合（報表判斷設備）,open
CFG-005,analytics,G,版式定義／欄位政策（document field-policy）,K01 利潤警示與目標門檻,全域預設管銷 25 的程式後備值（設定缺／壞時退回 25；profit_guard.py:65 與 pdf_gen.py:43 各自再寫一次,open
CFG-057,analytics,H,整合設定（金鑰、排程、節流、外部源）,K07 排程時刻與外部資料源節流,月報寄送日與時刻（每月 1 日 08:00）,open
CH-10-11,analytics,H,整合設定（金鑰、排程、節流、外部源）,介面、術語、多據點、地區與外部整合,首頁儀表板區塊與可見條件寫死在 index.html,open
CH-07-01,analytics,I,設定中心 retention／uploads 群組,主檔欄位、匯入匯出與備份範圍,Excel 匯出的欄位集合與表頭固定（稅務匯出、報表、客戶清單）,open
CFG-094,arap,A,權限矩陣（含選單／委任／並行角色）＋ approval_policy,K11 刪除、編輯與作廢規則（D1）,發票開立簽核單刪除／送審僅草稿,open
CFG-138,arap,A,權限矩陣（含選單／委任／並行角色）＋ approval_policy,K16 角色、權限與儀表板顯示,出納差額審核決定者＝財務存取（admin 直通已拿掉）,open
FC-036,arap,A,權限矩陣（含選單／委任／並行角色）＋ approval_policy,會計科目表、帳務角色與類別→科目對照,銷項發票認列規則（案件須已成案／已結案、認列日＝開票日、先收款轉預收）,open
FC-069,arap,A,權限矩陣（含選單／委任／並行角色）＋ approval_policy,付款條件、帳齡、提醒與假日曆,簽核催辦節奏（第 1、3、5 天；之後每 5 天）,open
CFG-009,arap,B,設定中心群組／依生效日的法規參數,K02 營業稅與法定參數,應收含稅金額拆稅直接 /1.05,open
FC-084,arap,B,設定中心群組／依生效日的法規參數,目前完全沒有的機制（要不要做是決策）,客戶信用額度與授信期間,open
FC-086,arap,B,設定中心群組／依生效日的法規參數,目前完全沒有的機制（要不要做是決策）,大額付款警示,open
CFG-095,arap,C,單據型別狀態與規則定義（語意狀態碼、編輯鎖規則）,K11 刪除、編輯與作廢規則（D1）,請款單修改／刪除／送審僅草稿,open
CH-03-05,arap,C,單據型別狀態與規則定義（語意狀態碼、編輯鎖規則）,單據類型、狀態與修改／刪除規則,請款單款項類別(PAYMENT_STAGES)與完工單項目狀態固定,open
GAP-A-025,arap,C,單據型別狀態與規則定義（語意狀態碼、編輯鎖規則）,C 狀態/轉換/編輯鎖,請款單／開票申請憑據可刪除狀態（僅『草稿』）與『刪除已核可』只認『已核准』,open
CFG-065,arap,E,通知規則（對象／模板／節奏）,K08 提醒、逾期與停滯門檻,應付款到期提醒：提前幾天通知,open
CFG-072,arap,E,通知規則（對象／模板／節奏）,K08 提醒、逾期與停滯門檻,應付到期提醒天數固定 3 天前／當天／逾期,open
FC-071,arap,E,通知規則（對象／模板／節奏）,付款條件、帳齡、提醒與假日曆,國定假日／補班日曆（涵蓋 2026-01-01～2027-12-31；無後台頁）,open
FC-072,arap,E,通知規則（對象／模板／節奏）,付款條件、帳齡、提醒與假日曆,工作日邏輯（週六日休、補班日上班、表內假日休；順延上限 14）,open
FC-085,arap,E,通知規則（對象／模板／節奏）,目前完全沒有的機制（要不要做是決策）,逾期／寬限／滯納規則,open
FC-078,arap,F,清單登錄（類別、單位、科目對照；定義庫）,手續費、匯款、幣別與進位,預設單位清單（式／個／批／組／米／台）,open
CFG-115,arap,G,版式定義／欄位政策（document field-policy）,K14 文件版式與措辭（PDF／表單）,請款範圍業務語意分類（訂金款／交貨款／驗收款…）,open
CH-07-04,arap,I,設定中心 retention／uploads 群組,主檔欄位、匯入匯出與備份範圍,客戶主檔下拉選項（產業別／客戶類型／付款條件）寫死在前端,open
CFG-050,case,A,權限矩陣（含選單／委任／並行角色）＋ approval_policy,K06 上傳與容量上限,作廢權限＋條件：僅 superadmin、僅已核准且未付款、理由必填,open
CFG-103,case,A,權限矩陣（含選單／委任／並行角色）＋ approval_policy,K11 刪除、編輯與作廢規則（D1）,叫料單狀態集合寫死（草稿/待審核/簽核中/已核准/已退回/已取消）；取消為已核准後 admin 以上＋理由,open
CFG-110,case,A,權限矩陣（含選單／委任／並行角色）＋ approval_policy,K13 通知對象與矩陣,費用單據出納通知對象＝財務角色+superadmin（寫死）,open
CFG-117,case,A,權限矩陣（含選單／委任／並行角色）＋ approval_policy,K14 文件版式與措辭（PDF／表單）,簽章欄位標籤「買方確認 · 簽章」,open
CH-01-02,case,A,權限矩陣（含選單／委任／並行角色）＋ approval_policy,組織結構與簽核鏈,案件代辦的「工程核准=部門主管、業務核准=處主管」對應寫死,open
CH-02-04,case,A,權限矩陣（含選單／委任／並行角色）＋ approval_policy,角色、人員類型與標籤,案件填表人/業務負責/執行負責 三種角色固定,open
CH-03-02,case,A,權限矩陣（含選單／委任／並行角色）＋ approval_policy,單據類型、狀態與修改／刪除規則,各單據狀態詞彙不統一且為裸中文字串（草稿/待審核/簽核中/已核准/已駁回/已退回/已拒絕/已取消/已撤回/作廢/已作廢）,open
CH-04-02,case,A,權限矩陣（含選單／委任／並行角色）＋ approval_policy,案件／專案生命週期與階段,完結案前置關卡（五關）與須簽核完的單據清單固定,open
FC-035,case,A,權限矩陣（含選單／委任／並行角色）＋ approval_policy,會計科目表、帳務角色與類別→科目對照,單據事件分錄角色（額外支出、叫料、手續費、差額、勞報、銷項認列）,open
GAP-A-034,case,A,權限矩陣（含選單／委任／並行角色）＋ approval_policy,A 權限/選單/動作,credit 模組上線要求：全部框架類別、不留債務（棘輪債務歸零）,open
CFG-010,case,B,設定中心群組／依生效日的法規參數,K02 營業稅與法定參數,精算預設實際成本＝報價成本×1.05（5% 非扣抵進項稅假設）；settlement.html、quotation-form.html、re,open
FC-004,case,B,設定中心群組／依生效日的法規參數,營業稅率、稅別與含稅換算,報價單預設稅率 5、低於標準稅率需審核、文字『標準 5%』,open
FC-005,case,B,設定中心群組／依生效日的法規參數,營業稅率、稅別與含稅換算,進項稅估算（成本×5%，假設不可扣抵）,open
FC-006,case,B,設定中心群組／依生效日的法規參數,營業稅率、稅別與含稅換算,含稅／未稅換算 ÷1.05、×1.05（精算預設成本倍數、含稅反推）,open
FC-065,case,B,設定中心群組／依生效日的法規參數,利潤口徑：管銷、公益、目標與警示色階,新增品項預設毛利率 0.30,open
FC-073,case,B,設定中心群組／依生效日的法規參數,手續費、匯款、幣別與進位,匯款手續費覆核門檻（材料申請：超過 500 進差額審核）,open
FC-076,case,B,設定中心群組／依生效日的法規參數,手續費、匯款、幣別與進位,幣別：現在只有 NT$／TWD，且代號不一致（供應商 NTD、費用單 TWD）,open
FC-079,case,B,設定中心群組／依生效日的法規參數,報價預設與審核門檻,報價預設有效天數 30（多處）,open
FC-080,case,B,設定中心群組／依生效日的法規參數,報價預設與審核門檻,報價送審門檻（有效期 >30 天、品項毛利 <30%、稅率 <標準）,open
FC-082,case,B,設定中心群組／依生效日的法規參數,報價預設與審核門檻,預設交貨／驗收／保固／售後條款全文,open
FC-087,case,B,設定中心群組／依生效日的法規參數,目前完全沒有的機制（要不要做是決策）,多幣別與匯率,open
CFG-087,case,C,單據型別狀態與規則定義（語意狀態碼、編輯鎖規則）,K10 狀態、顏色與選項清單,狀態→badge 顏色對照表重複貼在多個頁面（同一行複製 5 次）,open
CFG-089,case,C,單據型別狀態與規則定義（語意狀態碼、編輯鎖規則）,K10 狀態、顏色與選項清單,報價單狀態顯示文字與顏色（待審核顯示『審核中』）寫死,open
CFG-093,case,C,單據型別狀態與規則定義（語意狀態碼、編輯鎖規則）,K11 刪除、編輯與作廢規則（D1）,額外支出可編輯／可刪除狀態寫死為 草稿＋已駁回（編輯、刪除、變更申請共用）,open
CFG-096,case,C,單據型別狀態與規則定義（語意狀態碼、編輯鎖規則）,K11 刪除、編輯與作廢規則（D1）,完工單編輯／刪除／送審皆僅草稿,open
CFG-097,case,C,單據型別狀態與規則定義（語意狀態碼、編輯鎖規則）,K11 刪除、編輯與作廢規則（D1）,報價單可手動 PATCH 的狀態白名單,open
CFG-098,case,C,單據型別狀態與規則定義（語意狀態碼、編輯鎖規則）,K11 刪除、編輯與作廢規則（D1）,報價單僅草稿可刪除（其餘 403）,open
CFG-099,case,C,單據型別狀態與規則定義（語意狀態碼、編輯鎖規則）,K11 刪除、編輯與作廢規則（D1）,認列／結算計入哪些額外支出狀態寫死,open
CH-03-01,case,C,單據型別狀態與規則定義（語意狀態碼、編輯鎖規則）,單據類型、狀態與修改／刪除規則,『僅草稿可刪除/編輯』規則散在各單據 API，無共用轉換表,open
CH-04-01,case,C,單據型別狀態與規則定義（語意狀態碼、編輯鎖規則）,案件／專案生命週期與階段,『哪個階段必須有哪些單據』的判定規則寫在 SQL（缺單據）,open
CH-04-03,case,C,單據型別狀態與規則定義（語意狀態碼、編輯鎖規則）,案件／專案生命週期與階段,案件執行階段(case_stages)完全自由輸入，無階段範本/預設階段,open
CH-04-04,case,C,單據型別狀態與規則定義（語意狀態碼、編輯鎖規則）,案件／專案生命週期與階段,案件成交狀態機（dealTag：未提供/已提供/未成案/已成案/已結案）寫死為裸字串,open
GAP-A-028,case,C,單據型別狀態與規則定義（語意狀態碼、編輯鎖規則）,C 狀態/轉換/編輯鎖,完工單可刪除狀態（僅草稿）；報價單可刪（僅草稿）；已結案／精算定稿不可刪,open
GAP-A-029,case,C,單據型別狀態與規則定義（語意狀態碼、編輯鎖規則）,C 狀態/轉換/編輯鎖,額外支出刪除影響判斷中『採購單被請購單引用』的狀態排除集合,open
CFG-082,case,D,編號產生器（前綴／位數／重置週期由設定給）,K09 編號規則,請購／採購／差旅／零用金單號前綴與格式（日重置、4 位數），與其它模組格式不同；PR 與請款單 PR、PO 與庫存批號 PO 前綴重複,open
CFG-083,case,D,編號產生器（前綴／位數／重置週期由設定給）,K09 編號規則,叫料單／變更／匯款單號前綴與日重置 4 位格式,open
CFG-084,case,D,編號產生器（前綴／位數／重置週期由設定給）,K09 編號規則,報價單單號格式 MQ-YYYYMM-NNN（月重置、3 位數、前綴固定）；audit.py:34、migrations.py:360 以 r,open
CH-05-02,case,D,編號產生器（前綴／位數／重置週期由設定給）,編號規則,單號正規式 MQ-\d{6}-\d{3} 到處複製,open
CH-05-03,case,D,編號產生器（前綴／位數／重置週期由設定給）,編號規則,費用單據種類(請購/採購/差旅/零用金)清單、前綴與是否進出納雙重寫死,open
FC-047,case,D,編號產生器（前綴／位數／重置週期由設定給）,會計期間、傳票編號與認列日期切換,日期型切換日：承攬商派發成本改含稅（2026-10-01，後端＋前端各一份）,open
FC-048,case,D,編號產生器（前綴／位數／重置週期由設定給）,會計期間、傳票編號與認列日期切換,日期型切換日：材料申請須有已核准採購單（2026-10-04）,open
FC-050,case,D,編號產生器（前綴／位數／重置週期由設定給）,會計期間、傳票編號與認列日期切換,權責口徑認列規則（草稿不計、待審核計入並標示…）,open
CFG-071,case,E,通知規則（對象／模板／節奏）,K08 提醒、逾期與停滯門檻,報價有效天數預設與「超過 30 天需主管審核」門檻（前端寫死，後端預設 30）,open
CFG-074,case,E,通知規則（對象／模板／節奏）,K08 提醒、逾期與停滯門檻,保固到期預警天數 7 日（紅）／30 日（橙）,open
CH-09-03,case,E,通知規則（對象／模板／節奏）,通知與提醒,站內通知收件人與文字由各模組呼叫端寫死（無預設收件人規則）,open
FC-066,case,E,通知規則（對象／模板／節奏）,付款條件、帳齡、提醒與假日曆,預設付款條件文字（定金 50%／交貨 30%／驗收 20%、次月 25 日付）與前端預設分期比例（30／30）,open
FC-070,case,E,通知規則（對象／模板／節奏）,付款條件、帳齡、提醒與假日曆,保固到期提醒（7／30 天）、階段到期提醒（3 天）、簽署文件到期警示（30 天）,open
CFG-121,case,F,清單登錄（類別、單位、科目對照；定義庫）,K15 類別清單與會計科目對照,額外支出類別清單,open
CH-06-01,case,F,清單登錄（類別、單位、科目對照；定義庫）,分類、單位與付款方式清單,出納付款方式(轉帳/現金/零用金)與總帳貸方腿對應固定,open
CH-06-02,case,F,清單登錄（類別、單位、科目對照；定義庫）,分類、單位與付款方式清單,報價單單位清單與預設值寫死於樣板,open
FC-074,case,F,清單登錄（類別、單位、科目對照；定義庫）,手續費、匯款、幣別與進位,手續費科目與分類名稱（『匯款手續費』『收款手續費』）、FEE→7243,open
GAP-A-007,case,F,清單登錄（類別、單位、科目對照；定義庫）,F 清單/類別/單位,檔案分類標籤、單據名、所屬模組名（左側分類樹與表格顯示）,open
CFG-112,case,G,版式定義／欄位政策（document field-policy）,K14 文件版式與措辭（PDF／表單）,報價單條款區塊標題與順序（付款／交貨／保固／售後／驗收）,open
CFG-116,case,G,版式定義／欄位政策（document field-policy）,K14 文件版式與措辭（PDF／表單）,有效期限措辭「N 日內」,open
CFG-119,case,G,版式定義／欄位政策（document field-policy）,K14 文件版式與措辭（PDF／表單）,報價 PDF「報價預留間接成本」列名,open
CFG-120,case,G,版式定義／欄位政策（document field-policy）,K14 文件版式與措辭（PDF／表單）,報價表單版本號（單據留存、守門測試綁定）,open
CH-10-07,case,H,整合設定（金鑰、排程、節流、外部源）,介面、術語、多據點、地區與外部整合,產品名稱『MOTRIX 專案管理系統』寫死於頁面標題與信件,open
FC-018,case,H,整合設定（金鑰、排程、節流、外部源）,零稅率／免稅依據、發票、統編與 401 申報格式,發票號碼格式：目前不驗格式（自由文字，只限長度）,open
CFG-045,case,I,設定中心 retention／uploads 群組,K06 上傳與容量上限,支出申請每單附件數與單次總量上限,open
CFG-046,case,I,設定中心 retention／uploads 群組,K06 上傳與容量上限,附件種類（發票／其他）固定二種,open
CFG-053,case,I,設定中心 retention／uploads 群組,K06 上傳與容量上限,發票號碼長度上限,open
CFG-054,case,I,設定中心 retention／uploads 群組,K06 上傳與容量上限,費用單明細上限 200 行、資料大小 20000 位元組,open
CFG-104,case,I,設定中心 retention／uploads 群組,K11 刪除、編輯與作廢規則（D1）,『保留額度／計入』狀態集合寫死（影響額度與庫存預留）,open
CFG-022,core,A,權限矩陣（含選單／委任／並行角色）＋ approval_policy,K04 登入與安全政策,密碼最少長度（8 處呼叫共用）,open
CFG-023,core,A,權限矩陣（含選單／委任／並行角色）＋ approval_policy,K04 登入與安全政策,一般角色閒置登出門檻 8 小時,open
CFG-024,core,A,權限矩陣（含選單／委任／並行角色）＋ approval_policy,K04 登入與安全政策,superadmin/admin 閒置登出門檻 2 小時,open
CFG-025,core,A,權限矩陣（含選單／委任／並行角色）＋ approval_policy,K04 登入與安全政策,登入失敗鎖定：連續失敗次數與鎖定時間（依來源 IP）,open
CFG-026,core,A,權限矩陣（含選單／委任／並行角色）＋ approval_policy,K04 登入與安全政策,Passkey/WebAuthn 總開關寫死為關閉（要開要改碼）,open
CFG-027,core,A,權限矩陣（含選單／委任／並行角色）＋ approval_policy,K04 登入與安全政策,哪些角色算高權限而套用較短閒置門檻（寫死 superadmin/admin，提示文字『2 小時／8 小時』也寫死）,open
CFG-028,core,A,權限矩陣（含選單／委任／並行角色）＋ approval_policy,K04 登入與安全政策,Session 有效期（登入後 expires_at）,open
CFG-029,core,A,權限矩陣（含選單／委任／並行角色）＋ approval_policy,K04 登入與安全政策,弱密碼黑名單（舊預設密碼＋額外 4 個）,open
CFG-030,core,A,權限矩陣（含選單／委任／並行角色）＋ approval_policy,K04 登入與安全政策,CORS 預設白名單內含寫死內網 IP 172.16.10.177,open
CFG-032,core,A,權限矩陣（含選單／委任／並行角色）＋ approval_policy,K04 登入與安全政策,TOTP 挑戰有效時間與錯誤次數上限；驗證容許視窗,open
CFG-033,core,A,權限矩陣（含選單／委任／並行角色）＋ approval_policy,K04 登入與安全政策,TOTP 錯誤次數上限,open
CFG-034,core,A,權限矩陣（含選單／委任／並行角色）＋ approval_policy,K04 登入與安全政策,首次未設定本公司資料的暫時放行時數上限,open
CFG-035,core,A,權限矩陣（含選單／委任／並行角色）＋ approval_policy,K04 登入與安全政策,Demo 登入 token 有效期,open
CFG-042,core,A,權限矩陣（含選單／委任／並行角色）＋ approval_policy,K05 保存期限與備份,簽核提醒失敗紀錄保留筆數,open
CFG-066,core,A,權限矩陣（含選單／委任／並行角色）＋ approval_policy,K08 提醒、逾期與停滯門檻,簽核逾時催辦階段（第 1、3、5 天，之後每 5 天）,open
CFG-092,core,A,權限矩陣（含選單／委任／並行角色）＋ approval_policy,K10 狀態、顏色與選項清單,稽核軌跡的狀態標籤、動作標籤、模組標籤集中寫死表,open
CFG-105,core,A,權限矩陣（含選單／委任／並行角色）＋ approval_policy,K12 簽核鏈與簽核標籤,可簽核單據類型為程式內固定清單與預設『走統一流程』分組（新類型需 register_doc_type 於程式碼登記）,open
CFG-107,core,A,權限矩陣（含選單／委任／並行角色）＋ approval_policy,K12 簽核鏈與簽核標籤,簽核佇列『進行中』狀態與單據類型標籤寫死,open
CFG-108,core,A,權限矩陣（含選單／委任／並行角色）＋ approval_policy,K12 簽核鏈與簽核標籤,組織簽核鏈固定為 部門主管→處主管（兩層，本人即主管則往上、頂端止於知會）,open
CFG-109,core,A,權限矩陣（含選單／委任／並行角色）＋ approval_policy,K13 通知對象與矩陣,通知矩陣：module_activity 一律寄全體 admin/superadmin、audience=finance 寄財務+super,open
CH-01-03,core,A,權限矩陣（含選單／委任／並行角色）＋ approval_policy,組織結構與簽核鏈,簽核代理人（代理）規則：誰能設、是否轉授、是否限單據類型,open
CH-01-04,core,A,權限矩陣（含選單／委任／並行角色）＋ approval_policy,組織結構與簽核鏈,組織簽核鏈固定「部門主管→處主管」兩層，且層級名稱寫死,open
CH-01-05,core,A,權限矩陣（含選單／委任／並行角色）＋ approval_policy,組織結構與簽核鏈,退回/無簽核流程時一律由 superadmin 處理（fallback）,open
CH-02-01,core,A,權限矩陣（含選單／委任／並行角色）＋ approval_policy,角色、人員類型與標籤,內建角色清單與『新人員類型』上架需改多處程式,open
CH-02-02,core,A,權限矩陣（含選單／委任／並行角色）＋ approval_policy,角色、人員類型與標籤,各角色預設模組樣板（ROLE_TEMPLATES）與職責角色種子寫死在程式,open
CH-02-03,core,A,權限矩陣（含選單／委任／並行角色）＋ approval_policy,角色、人員類型與標籤,各頁面前端角色名稱字典重複（與 role_labels 設定脫鉤）,open
CH-03-04,core,A,權限矩陣（含選單／委任／並行角色）＋ approval_policy,單據類型、狀態與修改／刪除規則,簽核單據類型為內建9類固定清單，新單據需寫碼註冊,open
CH-09-05,core,A,權限矩陣（含選單／委任／並行角色）＋ approval_policy,通知與提醒,通知收件群組以角色字面值判斷（admins/finance/superadmins）,open
CH-10-04,core,A,權限矩陣（含選單／委任／並行角色）＋ approval_policy,介面、術語、多據點、地區與外部整合,多據點抬頭已可設定，但編號前綴、稅籍與簽核仍單一公司,open
FC-083,core,A,權限矩陣（含選單／委任／並行角色）＋ approval_policy,目前完全沒有的機制（要不要做是決策）,金額級距簽核（依金額決定簽核層級）,open
CFG-088,core,C,單據型別狀態與規則定義（語意狀態碼、編輯鎖規則）,K10 狀態、顏色與選項清單,完工單狀態顏色以硬編碼十六進位色,open
CFG-081,core,D,編號產生器（前綴／位數／重置週期由設定給）,K09 編號規則,共用編號產生器：固定 前綴-YYYYMM-NNN（月重置、3 位數）；呼叫前綴 C S V CN DN IV PR PV NP PO(批號),open
CH-05-01,core,D,編號產生器（前綴／位數／重置週期由設定給）,編號規則,各文件編號格式分散在至少5套產號程式,open
CH-06-04,core,D,編號產生器（前綴／位數／重置週期由設定給）,分類、單位與付款方式清單,料件分類、編號前綴與常用單位清單寫死,open
CFG-077,core,E,通知規則（對象／模板／節奏）,K08 提醒、逾期與停滯門檻,出納待付款『預定付款日 3 天內到期』提示寫死 3 天（兩處）；後端 plannedState 判定亦同門檻,open
CFG-078,core,E,通知規則（對象／模板／節奏）,K08 提醒、逾期與停滯門檻,地圖『即將截止』天數,open
CFG-079,core,E,通知規則（對象／模板／節奏）,K08 提醒、逾期與停滯門檻,憑證／簽章到期警示天數與寬限小時,open
CFG-080,core,E,通知規則（對象／模板／節奏）,K08 提醒、逾期與停滯門檻,憑證長效判定天數,open
CFG-111,core,E,通知規則（對象／模板／節奏）,K13 通知對象與矩陣,站內通知（_notify）無逐類型開關，收件人由各模組呼叫端決定,open
CH-09-01,core,E,通知規則（對象／模板／節奏）,通知與提醒,信件主旨前綴、頁尾與各信 intro／按鈕措辭寫在程式（依單據類型逐一複製）,open
CH-09-04,core,E,通知規則（對象／模板／節奏）,通知與提醒,行事曆／提醒事件種類目錄在程式內（19 種）且僅單一行事曆,open
CH-06-03,core,F,清單登錄（類別、單位、科目對照；定義庫）,分類、單位與付款方式清單,差旅/零用金/請購規則靠定義 JSON 出貨預設，而非業務可見的規則,open
CFG-118,core,G,版式定義／欄位政策（document field-policy）,K14 文件版式與措辭（PDF／表單）,PDF 內狀態中文對照（待驗收／已驗收…）,open
CFG-061,core,H,整合設定（金鑰、排程、節流、外部源）,K07 排程時刻與外部資料源節流,地理編碼快取 TTL 與預熱間隔、請求間隔,open
CH-10-01,core,H,整合設定（金鑰、排程、節流、外部源）,介面、術語、多據點、地區與外部整合,側欄選單群組固定在 menu_l1.json,open
CH-10-02,core,H,整合設定（金鑰、排程、節流、外部源）,介面、術語、多據點、地區與外部整合,國定假日／補班日表靜態 JSON 只含 2026、2027,open
CH-10-06,core,H,整合設定（金鑰、排程、節流、外部源）,介面、術語、多據點、地區與外部整合,正式機網址／IP 作為信件連結與 CORS 預設寫死,open
CFG-036,core,I,設定中心 retention／uploads 群組,K05 保存期限與備份,備份／稽核保留預設值：已有 GET/PATCH 與設定頁（company-profile-settings.html:1176/1270），,open
CFG-037,core,I,設定中心 retention／uploads 群組,K05 保存期限與備份,站內通知保留天數（已讀未讀都清）,open
CFG-038,core,I,設定中心 retention／uploads 群組,K05 保存期限與備份,request 日誌保留天數,open
CFG-040,core,I,設定中心 retention／uploads 群組,K05 保存期限與備份,Server log 輪替大小與保留份數,open
CFG-041,core,I,設定中心 retention／uploads 群組,K05 保存期限與備份,備份後快照緩衝秒數,open
CFG-043,core,I,設定中心 retention／uploads 群組,K05 保存期限與備份,稽核日誌分層樹預設／最大查詢天數,open
CFG-044,core,I,設定中心 retention／uploads 群組,K06 上傳與容量上限,單檔大小上限,open
CFG-047,core,I,設定中心 retention／uploads 群組,K06 上傳與容量上限,自訂欄位檔案允許副檔名與最大檔數,open
CFG-048,core,I,設定中心 retention／uploads 群組,K06 上傳與容量上限,附件允許副檔名白名單（全系統）,open
CFG-051,core,I,設定中心 retention／uploads 群組,K06 上傳與容量上限,品牌圖檔大小上限 2MB、最大邊長 4096、允許格式,open
CFG-052,core,I,設定中心 retention／uploads 群組,K06 上傳與容量上限,Excel／PDF 匯出冷卻秒數,open
CH-08-01,core,I,設定中心 retention／uploads 群組,附件規則與文件版式,只有 2 種單據走『輸出版型』，其餘 PDF 抬頭／條款／簽章欄位皆在 Python 內,open
GAP-A-013,core,I,設定中心 retention／uploads 群組,I 保存/上限,檔頭（magic bytes）驗證簽章,open
GAP-A-014,core,I,設定中心 retention／uploads 群組,I 保存/上限,附件路徑禁用字元（穿越防護）,open
GAP-A-032,crm,B,設定中心群組／依生效日的法規參數,B 參數/門檻/費率,客戶信用額度（每客戶／每客戶群）與逾額處置（警示或擋下新報價／出貨）,open
CFG-085,crm,C,單據型別狀態與規則定義（語意狀態碼、編輯鎖規則）,K10 狀態、顏色與選項清單,商機狀態選項寫死,open
CFG-059,crm,E,通知規則（對象／模板／節奏）,K07 排程時刻與外部資料源節流,CRM 每日提醒執行時刻,open
CFG-069,crm,E,通知規則（對象／模板／節奏）,K08 提醒、逾期與停滯門檻,業務開發停滯天數 30、重複通知間隔 14 天、暫擱置自動轉未成案 180 天（dashboard.py:626 與 email_notif,open
CFG-070,crm,E,通知規則（對象／模板／節奏）,K08 提醒、逾期與停滯門檻,久未更新提醒再次通知間隔,open
CFG-075,crm,E,通知規則（對象／模板／節奏）,K08 提醒、逾期與停滯門檻,暫擱置案件自動轉未成案天數,open
CFG-114,crm,G,版式定義／欄位政策（document field-policy）,K14 文件版式與措辭（PDF／表單）,出貨單簽收欄「客戶簽收 · 簽章」,open
CH-07-02,crm,I,設定中心 retention／uploads 群組,主檔欄位、匯入匯出與備份範圍,備份／歸檔匯出的『表清單與結構』固定在程式,open
CH-07-03,crm,I,設定中心 retention／uploads 群組,主檔欄位、匯入匯出與備份範圍,客戶 Excel 匯入匯出欄位集合與標題寫在前端,open
CH-07-05,crm,I,設定中心 retention／uploads 群組,主檔欄位、匯入匯出與備份範圍,客戶名稱關鍵字自動判斷產業別的規則,open
GAP-B-047,daily_tasks,A,權限矩陣（含選單／委任／並行角色）＋ approval_policy,A 權限/選單/動作,建立／編輯／刪除工作事項限 superadmin；前端角色中文名對照,open
FC-068,daily_tasks,E,通知規則（對象／模板／節奏）,付款條件、帳齡、提醒與假日曆,預定付款日提醒：提前 3 天、順延上限 14、每日 08:00、收件對象＝財務與 superadmin,open
GAP-B-043,daily_tasks,E,通知規則（對象／模板／節奏）,E 通知/模板/提醒,區間工作事項截止前提醒天數（3 天前＋當日）,open
GAP-B-044,daily_tasks,E,通知規則（對象／模板／節奏）,E 通知/模板/提醒,逾期通知判定：以『昨天』為檢查日，通知負責人、指定主管、部門主管,open
GAP-B-041,daily_tasks,F,清單登錄（類別、單位、科目對照；定義庫）,F 清單/類別/單位,優先級選項與預設值『一般』、配色；後端預設值另寫一份,open
GAP-B-042,daily_tasks,F,清單登錄（類別、單位、科目對照；定義庫）,F 清單/類別/單位,分類無預設清單（自由文字）；未填顯示『未分類』,open
GAP-B-048,daily_tasks,F,清單登錄（類別、單位、科目對照；定義庫）,F 清單/類別/單位,週期類型與星期名稱,open
CFG-064,daily_tasks,H,整合設定（金鑰、排程、節流、外部源）,K07 排程時刻與外部資料源節流,GCIS 每日查詢上限預設值（已可由 gcis_daily_limit 調整）,open
GAP-B-045,daily_tasks,H,整合設定（金鑰、排程、節流、外部源）,H 整合/金鑰/排程,每日檢查執行時刻（由 helpers/daily_checks 的 08:00 驅動，本模組無自有設定）,open
CFG-039,daily_tasks,I,設定中心 retention／uploads 群組,K05 保存期限與備份,每日備份過期告警門檻,open
CFG-055,daily_tasks,I,設定中心 retention／uploads 群組,K07 排程時刻與外部資料源節流,每日／每週備份排程間隔,open
CFG-056,daily_tasks,I,設定中心 retention／uploads 群組,K07 排程時刻與外部資料源節流,每日檢查（逾期、提醒、證書、備份新鮮度）執行時刻,open
GAP-B-046,daily_tasks,I,設定中心 retention／uploads 群組,I 保存/上限,工作事項列表上限 200 筆與歷史分頁上限 100／預設 20,open
GAP-A-004,filehub,A,權限矩陣（含選單／委任／並行角色）＋ approval_policy,A 權限/選單/動作,檔案中心全域瀏覽權限＝最高管理者或 file_center 模組權限（後端寫死 superadmin 字串）,open
GAP-A-003,filehub,B,設定中心群組／依生效日的法規參數,B 參數/門檻/費率,檔案中心預設只查近 N 天上傳（無條件時自動帶日期起點）,open
GAP-A-006,filehub,F,清單登錄（類別、單位、科目對照；定義庫）,F 清單/類別/單位,檔案中心『預期擁有模組』清單與顯示名（模組缺席時明說不是 0 筆）,open
GAP-A-008,filehub,F,清單登錄（類別、單位、科目對照；定義庫）,F 清單/類別/單位,檔案中心篩選快捷鈕的副檔名分組（PDF／圖片）,open
GAP-A-009,filehub,H,整合設定（金鑰、排程、節流、外部源）,H 整合/金鑰/排程,附件開檔緊急開關（關閉後一律 404）,open
GAP-A-001,filehub,I,設定中心 retention／uploads 群組,I 保存/上限,檔案中心搜尋最多翻頁數（結果太多請加條件）；前端另寫死第二份 20 與提示文字,open
GAP-A-002,filehub,I,設定中心 retention／uploads 群組,I 保存/上限,檔案中心每頁筆數上限 50 與單次合併取數上限 1050（與 MAX_PAGE 連動）,open
GAP-B-039,lodging,A,權限矩陣（含選單／委任／並行角色）＋ approval_policy,A 權限/選單/動作,刷新資料源僅限 superadmin；紀錄刪除/檢視管理者角色集合寫死,open
GAP-B-033,lodging,B,設定中心群組／依生效日的法規參數,B 參數/門檻/費率,資料過舊警示天數,open
GAP-B-035,lodging,B,設定中心群組／依生效日的法規參數,B 參數/門檻/費率,價格合理區間（超出視為疑似錯值、不參與價格排序）,open
GAP-B-036,lodging,B,設定中心群組／依生效日的法規參數,B 參數/門檻/費率,可選搜尋半徑與預設半徑,open
CFG-091,lodging,C,單據型別狀態與規則定義（語意狀態碼、編輯鎖規則）,K10 狀態、顏色與選項清單,住宿報價單位,open
GAP-B-034,lodging,F,清單登錄（類別、單位、科目對照；定義庫）,F 清單/類別/單位,住宿類別代碼對照與『旅館／民宿』分組,open
GAP-B-037,lodging,F,清單登錄（類別、單位、科目對照；定義庫）,F 清單/類別/單位,報價管道選項（電話／官網／現場／其他）,open
CFG-062,lodging,H,整合設定（金鑰、排程、節流、外部源）,K07 排程時刻與外部資料源節流,住宿資料每日更新時刻與頻率／失敗上限,open
GAP-B-031,lodging,H,整合設定（金鑰、排程、節流、外部源）,H 整合/金鑰/排程,外部資料源網址、資料集名稱與標準、提供機關（觀光署旅館民宿）,open
GAP-B-032,lodging,H,整合設定（金鑰、排程、節流、外部源）,H 整合/金鑰/排程,下載與解壓安全上限、可信檔名、逾時、辨識比率,open
GAP-B-040,lodging,H,整合設定（金鑰、排程、節流、外部源）,H 整合/金鑰/排程,每日更新常駐檢查週期與首次延遲,open
GAP-B-038,lodging,I,設定中心 retention／uploads 群組,I 保存/上限,輸入欄位長度上限與房型／內含備註字數,open
GAP-B-025,netplan,A,權限矩陣（含選單／委任／並行角色）＋ approval_policy,A 權限/選單/動作,編輯/刪除/匯入者角色與模組鍵寫死,open
GAP-B-029,netplan,B,設定中心群組／依生效日的法規參數,B 參數/門檻/費率,拓樸圖繪製上限與尺寸常數,open
CFG-086,netplan,C,單據型別狀態與規則定義（語意狀態碼、編輯鎖規則）,K10 狀態、顏色與選項清單,網路規劃狀態列表寫死,open
GAP-B-018,netplan,C,單據型別狀態與規則定義（語意狀態碼、編輯鎖規則）,C 狀態/轉換/編輯鎖,規劃書狀態集合在後端、列表頁、表單頁三處各寫一份；『僅規劃中可刪』鎖寫死,open
GAP-B-019,netplan,C,單據型別狀態與規則定義（語意狀態碼、編輯鎖規則）,C 狀態/轉換/編輯鎖,明細各分頁列狀態選項（9 張表共用同一組）,open
GAP-B-024,netplan,D,編號產生器（前綴／位數／重置週期由設定給）,D 編號,規劃書編號前綴,open
GAP-B-020,netplan,F,清單登錄（類別、單位、科目對照；定義庫）,F 清單/類別/單位,設備類別下拉清單,open
GAP-B-021,netplan,F,清單登錄（類別、單位、科目對照；定義庫）,F 清單/類別/單位,其他欄位下拉選項（DHCP、配發、PoE 模式、規則類型、動作、埠介質、IP 群組類別、開關、埠位排列）,open
GAP-B-022,netplan,F,清單登錄（類別、單位、科目對照；定義庫）,F 清單/類別/單位,交換器機型快選預設（含公司常用機型 AT-x230 系列）,open
GAP-B-030,netplan,F,清單登錄（類別、單位、科目對照；定義庫）,F 清單/類別/單位,拓樸圖 VLAN 配色盤與狀態色,open
GAP-B-026,netplan,G,版式定義／欄位政策（document field-policy）,G 文件/PDF 版式,規劃書 PDF/Excel 文件標題、meta 欄位標籤與檔名,open
GAP-B-027,netplan,G,版式定義／欄位政策（document field-policy）,G 文件/PDF 版式,PDF 紙張與配色：A4 橫向、邊界、黑白配色、字型,open
GAP-B-028,netplan,G,版式定義／欄位政策（document field-policy）,G 文件/PDF 版式,明細各分頁欄位定義（10 大類欄位順序與標籤）在匯出與前端各寫一份,open
GAP-B-023,netplan,I,設定中心 retention／uploads 群組,I 保存/上限,列表查詢筆數上限,open
CFG-018,payroll,A,權限矩陣（含選單／委任／並行角色）＋ approval_policy,K03 獎金與薪資規則,勞報單簽核人只能是最高管理者；核准後作廢需 superadmin；已匯出可由模組持有者作廢；核准／駁回僅 superadmin,open
CFG-031,payroll,A,權限矩陣（含選單／委任／並行角色）＋ approval_policy,K04 登入與安全政策,薪資單明細揭露頻率限制,open
CFG-106,payroll,A,權限矩陣（含選單／委任／並行角色）＋ approval_policy,K12 簽核鏈與簽核標籤,"簽核層級名稱 ('覆核','主管') 寫死，超過兩層才顯示『第 N 層』（兩處重複）",open
CH-01-01,payroll,A,權限矩陣（含選單／委任／並行角色）＋ approval_policy,組織結構與簽核鏈,勞報單簽核人限定只能是最高管理者,open
FC-024,payroll,A,權限矩陣（含選單／委任／並行角色）＋ approval_policy,扣繳、二代健保、最低工資（法規參數）,所得類別 50／9A／9B 與其標籤、下拉選項,open
FC-053,payroll,A,權限矩陣（含選單／委任／並行角色）＋ approval_policy,獎金分配：比例、類別、科目,獎金分配『類別』本身（業務／專案／後勤）與標籤,open
CFG-014,payroll,B,設定中心群組／依生效日的法規參數,K02 營業稅與法定參數,法定參數預設值（所得稅 5%/10%/20% 與起扣點、二代健保 2.11%、單次上限、門檻）在 legal_params.py 與 db.,open
CFG-020,payroll,B,設定中心群組／依生效日的法規參數,K03 獎金與薪資規則,案件獎金預設比率 10%（1000bp）與業務/專案/後勤 50/30/20 的程式後備值（設定缺時退回）,open
FC-021,payroll,B,設定中心群組／依生效日的法規參數,扣繳、二代健保、最低工資（法規參數）,扣繳率、起扣點、補充保費、最低工資（已是生效日版本化）,open
FC-022,payroll,B,設定中心群組／依生效日的法規參數,扣繳、二代健保、最低工資（法規參數）,db.py 種子 tax_rules 與 legal_params 預設各存一份 2026 數字,open
FC-023,payroll,B,設定中心群組／依生效日的法規參數,扣繳、二代健保、最低工資（法規參數）,非居住者『183 天』與『基本工資×1.5』（低薪稅率門檻）,open
FC-026,payroll,B,設定中心群組／依生效日的法規參數,扣繳、二代健保、最低工資（法規參數）,金額捨入規則（補充保費四捨五入、扣繳元以下捨去）,open
FC-027,payroll,B,設定中心群組／依生效日的法規參數,扣繳、二代健保、最低工資（法規參數）,勞保／健保投保級距、勞退提繳率（員工薪資）——程式裡目前沒有,open
FC-028,payroll,B,設定中心群組／依生效日的法規參數,扣繳、二代健保、最低工資（法規參數）,116 年（2027）版法規參數尚未建立（流程項目）,open
CFG-021,payroll,C,單據型別狀態與規則定義（語意狀態碼、編輯鎖規則）,K03 獎金與薪資規則,勞報單狀態常數寫死（草稿/待審核/已核准，另 已匯出/已簽回/已付款/已作廢）,open
FC-055,payroll,C,單據型別狀態與規則定義（語意狀態碼、編輯鎖規則）,獎金分配：比例、類別、科目,可建立獎金的案件狀態與人員來源（業務＝quotations.sales_person、專案＝roles.executor）,open
CFG-015,payroll,F,清單登錄（類別、單位、科目對照；定義庫）,K02 營業稅與法定參數,所得類別代碼,open
CFG-017,payroll,F,清單登錄（類別、單位、科目對照；定義庫）,K03 獎金與薪資規則,獎金分類固定三類,open
CFG-019,payroll,F,清單登錄（類別、單位、科目對照；定義庫）,K03 獎金與薪資規則,獎金應付預設科目 2191,open
CH-06-05,payroll,F,清單登錄（類別、單位、科目對照；定義庫）,分類、單位與付款方式清單,獎金分潤三類（業務/專案/後勤）與預設比例,open
FC-051,payroll,F,清單登錄（類別、單位、科目對照；定義庫）,獎金分配：比例、類別、科目,獎金預設比率（營業利益 ×10%）,open
FC-052,payroll,F,清單登錄（類別、單位、科目對照；定義庫）,獎金分配：比例、類別、科目,獎金三類分配預設（業務 50%／專案 30%／後勤 20%）,open
FC-054,payroll,F,清單登錄（類別、單位、科目對照；定義庫）,獎金分配：比例、類別、科目,獎金計算規則：以精算營業利益為基數、獎金池／類別／個人皆捨去、<=0 不發、零頭歸公司,open
FC-056,payroll,F,清單登錄（類別、單位、科目對照；定義庫）,獎金分配：比例、類別、科目,獎金傳票科目預設（費用 6111、應付 2191、代扣 2252、銀行 1113、追回 1213）,open
FC-057,payroll,F,清單登錄（類別、單位、科目對照；定義庫）,獎金分配：比例、類別、科目,獎金扣繳與補充保費參數（已走 legal_params）,open
FC-010,payroll,H,整合設定（金鑰、排程、節流、外部源）,零稅率／免稅依據、發票、統編與 401 申報格式,零稅率／免稅『依據』選項（營業稅法 §7、§8 逐款）,open
FC-011,payroll,H,整合設定（金鑰、排程、節流、外部源）,零稅率／免稅依據、發票、統編與 401 申報格式,營業稅法條文快照與查詢日（說明用文字）,open
CH-08-03,payroll,I,設定中心 retention／uploads 群組,附件規則與文件版式,附件規則缺乏『依單據類型設定允許格式／大小／張數』的結構（簽回檔、發票附件各寫各的）,open
GAP-A-010,payroll,I,設定中心 retention／uploads 群組,I 保存/上限,勞報單簽回檔單檔大小上限（自有存檔邏輯，不走 uploads._MAX_FILE_SIZE，另抄一份）,open
GAP-A-011,payroll,I,設定中心 retention／uploads 群組,I 保存/上限,勞報單簽回檔允許的副檔名與 MIME（另抄一份白名單）,open
GAP-A-012,payroll,I,設定中心 retention／uploads 群組,I 保存/上限,『單檔上限 20MB』錯誤訊息文字直接寫死，未與 _MAX_FILE_SIZE 連動（常數改了訊息仍說 20MB）,open
GAP-A-024,recyclebin,A,權限矩陣（含選單／委任／並行角色）＋ approval_policy,A 權限/選單/動作,暫存區所有端點只認最高管理者（require_superadmin=True）；前端說明亦寫死,open
GAP-A-022,recyclebin,E,通知規則（對象／模板／節奏）,E 通知/模板/提醒,通知與畫面文案內嵌『30 天內可還原』『超過 30 天自動永久清除』，與 RETENTION_DAYS 分開寫（保存期一旦可設定就會說謊）,open
GAP-A-023,recyclebin,E,通知規則（對象／模板／節奏）,E 通知/模板/提醒,還原／永久清除／刪除已核可／每日摘要的通知類型與內文句型,open
GAP-A-030,recyclebin,F,清單登錄（類別、單位、科目對照；定義庫）,F 清單/類別/單位,預設遮罩的敏感欄位名稱規則（帳號、身分證、電話、信箱、地址、薪資…）與遮罩字樣,open
GAP-A-017,recyclebin,H,整合設定（金鑰、排程、節流、外部源）,H 整合/金鑰/排程,每日工作啟動時刻（凌晨幾點後第一個檢查週期跑）,open
GAP-A-018,recyclebin,H,整合設定（金鑰、排程、節流、外部源）,H 整合/金鑰/排程,每日工作首次延遲與輪詢間隔（秒）,open
GAP-A-031,recyclebin,H,整合設定（金鑰、排程、節流、外部源）,H 整合/金鑰/排程,隔離目錄禁區：系統目錄清單與雲端同步資料夾名稱清單,open
GAP-A-015,recyclebin,I,設定中心 retention／uploads 群組,I 保存/上限,隔離區磁碟用量告警門檻（超過即每日通知最高管理者，不提前清除）,open
GAP-A-016,recyclebin,I,設定中心 retention／uploads 群組,I 保存/上限,每日自動清除每批最多筆數,open
GAP-A-019,recyclebin,I,設定中心 retention／uploads 群組,I 保存/上限,孤兒隔離資料夾的寬限時間（超過才搬回，等待呼叫端交易 commit）,open
GAP-A-020,recyclebin,I,設定中心 retention／uploads 群組,I 保存/上限,暫存區列表每頁筆數預設 50、上限 200（前端另寫一份 50）,open
GAP-A-021,recyclebin,I,設定中心 retention／uploads 群組,I 保存/上限,刪除原因與還原說明欄位截斷長度,open
CFG-011,subcontract,B,設定中心群組／依生效日的法規參數,K02 營業稅與法定參數,承攬商派發稅率預設 0.05 散落至少 7 處（dispatch_flow、remit_create、vendor_contractors、,open
FC-007,subcontract,B,設定中心群組／依生效日的法規參數,營業稅率、稅別與含稅換算,承攬商派工預設稅率 0.05（十餘處：派工、憑證、匯款、總帳事件、前端、DB 欄位預設）,open
CFG-100,subcontract,C,單據型別狀態與規則定義（語意狀態碼、編輯鎖規則）,K11 刪除、編輯與作廢規則（D1）,匯款申請刪除／送審僅草稿，已送審分期申請只能作廢,open
CH-03-03,subcontract,C,單據型別狀態與規則定義（語意狀態碼、編輯鎖規則）,單據類型、狀態與修改／刪除規則,承攬派發狀態與匯款款別可開立階段綁死程式內6個狀態,open
FC-075,subcontract,C,單據型別狀態與規則定義（語意狀態碼、編輯鎖規則）,手續費、匯款、幣別與進位,匯款分期款別（階段清單、款別名稱與比例）,open
GAP-A-027,subcontract,C,單據型別狀態與規則定義（語意狀態碼、編輯鎖規則）,C 狀態/轉換/編輯鎖,承攬商匯款申請可刪除狀態（僅草稿）；其他狀態只提示,open
CH-10-08,subcontract,H,整合設定（金鑰、排程、節流、外部源）,介面、術語、多據點、地區與外部整合,產業用語（案件／報價單／承攬商／派發）無術語覆寫層,open
CH-07-07,subcontract,I,設定中心 retention／uploads 群組,主檔欄位、匯入匯出與備份範圍,承攬商名冊的國籍選項與 Excel 匯入匯出欄位順序,open
CH-07-08,subcontract,I,設定中心 retention／uploads 群組,主檔欄位、匯入匯出與備份範圍,自訂欄位機制沒有涵蓋任何主檔（客戶／供應商／承攬商／使用者）,open
CFG-012,supply,B,設定中心群組／依生效日的法規參數,K02 營業稅與法定參數,進項稅推估 5%（有發票號才計）自帶一份 _RATE，沒走 tax_calc,open
CFG-090,supply,C,單據型別狀態與規則定義（語意狀態碼、編輯鎖規則）,K10 狀態、顏色與選項清單,採購建議狀態序列寫死（建議→已下單→已到貨）,open
CFG-101,supply,C,單據型別狀態與規則定義（語意狀態碼、編輯鎖規則）,K11 刪除、編輯與作廢規則（D1）,出貨單編輯／刪除／送審僅草稿,open
GAP-A-026,supply,C,單據型別狀態與規則定義（語意狀態碼、編輯鎖規則）,C 狀態/轉換/編輯鎖,出貨單可刪除狀態（僅草稿）；已核准時的影響提示,open
CFG-076,supply,E,通知規則（對象／模板／節奏）,K08 提醒、逾期與停滯門檻,庫存黃燈倍數 1.5（紅＝低於安全庫存，黃＝低於安全庫存×1.5）及採購建議補貨目標 ceil(safety×1.5),open
CH-10-03,supply,H,整合設定（金鑰、排程、節流、外部源）,介面、術語、多據點、地區與外部整合,地圖／地理編碼供應商順序與地區寫死（僅限台灣）,open
CH-10-05,supply,H,整合設定（金鑰、排程、節流、外部源）,介面、術語、多據點、地區與外部整合,政府資料來源端點與欄位位置寫死（GCIS／政府採購網）,open
CH-10-10,supply,H,整合設定（金鑰、排程、節流、外部源）,介面、術語、多據點、地區與外部整合,郵件供應商預設 Gmail SMTP 單一帳號,open
GAP-B-004,tender_radar,B,設定中心群組／依生效日的法規參數,B 參數/門檻/費率,詳細頁請求間隔秒數（每日上限 20 已收錄）,open
GAP-B-005,tender_radar,B,設定中心群組／依生效日的法規參數,B 參數/門檻/費率,純記錄（靜默）期信件文案另寫死「7 天」（常數 QUIET_PERIOD_DAYS 已收錄）,open
GAP-B-006,tender_radar,B,設定中心群組／依生效日的法規參數,B 參數/門檻/費率,疑似改版判定門檻：解析失敗筆數超過總筆數一半,open
GAP-B-007,tender_radar,B,設定中心群組／依生效日的法規參數,B 參數/門檻/費率,日期合理性上界（距今超過 N 年視為算歪）,open
GAP-B-008,tender_radar,B,設定中心群組／依生效日的法規參數,B 參數/門檻/費率,彙總信列出標案筆數上限與「七日內截止」判定天數,open
GAP-B-015,tender_radar,B,設定中心群組／依生效日的法規參數,B 參數/門檻/費率,高頻時段門檻的前端 fallback 值（與後端 HIGH_FREQUENCY_SLOT_THRESHOLD 重複一份）,open
GAP-B-011,tender_radar,E,通知規則（對象／模板／節奏）,E 通知/模板/提醒,通知收件對象預設群組（登記於 mail_types）,open
GAP-B-012,tender_radar,E,通知規則（對象／模板／節奏）,E 通知/模板/提醒,通知信措辭與資料來源註記（含授權註明出處）,open
GAP-B-013,tender_radar,E,通知規則（對象／模板／節奏）,E 通知/模板/提醒,故障告警節流與不寄信日策略（每 key 每日最多一封、週六日/國定假日不寄、補班日可寄）,open
GAP-B-009,tender_radar,F,清單登錄（類別、單位、科目對照；定義庫）,F 清單/類別/單位,關鍵字比對的異體字對照表,open
GAP-B-010,tender_radar,F,清單登錄（類別、單位、科目對照；定義庫）,F 清單/類別/單位,履約地點白名單（台灣縣市名封閉集合）,open
CFG-060,tender_radar,H,整合設定（金鑰、排程、節流、外部源）,K07 排程時刻與外部資料源節流,標案詳細頁每日抓取上限 20、靜默期 7 天、假日表預警 60 天、高頻時段門檻 12,open
CFG-063,tender_radar,H,整合設定（金鑰、排程、節流、外部源）,K07 排程時刻與外部資料源節流,休假警示天數、靜默期天數,open
GAP-B-001,tender_radar,H,整合設定（金鑰、排程、節流、外部源）,H 整合/金鑰/排程,外部資料源網址（政府電子採購網查詢頁／首頁 cookie 頁）,open
GAP-B-002,tender_radar,H,整合設定（金鑰、排程、節流、外部源）,H 整合/金鑰/排程,對外請求識別字串 User-Agent（含聯絡說明）與連線逾時秒數,open
GAP-B-003,tender_radar,H,整合設定（金鑰、排程、節流、外部源）,H 整合/金鑰/排程,查詢預設參數：公告類型、招標方式、日期範圍、每頁筆數,open
GAP-B-014,tender_radar,H,整合設定（金鑰、排程、節流、外部源）,H 整合/金鑰/排程,啟動後第一輪掃描延遲,open
GAP-B-016,tender_radar,H,整合設定（金鑰、排程、節流、外部源）,H 整合/金鑰/排程,預設抓取時段與寄信時段（出廠預設）,open
GAP-B-017,tender_radar,I,設定中心 retention／uploads 群組,I 保存/上限,標案/抓取紀錄無保存期限也無清理；清單快取上限與預熱延遲,open
