id,block,block_name,title,why_churn,who_decides,today,file_line,existing_mechanism,xref_cfg,option_A,option_B,option_C,option_D,recommend,risk,effort,priority
CH-01-01,B01,組織結構與簽核鏈,勞報單簽核人限定只能是最高管理者,公司成長後會希望由財務主管或部門主管簽勞報單，目前每次要改規則都得改碼；屬法遵/內控決策。,最高管理者（內控決策）,_non_superadmin_in_chain：鏈上（含代理人展開）出現非 superadmin 即 400『勞報單的簽核人只能是最高管理者』；核准後作廢需 superadmin 亦寫死,backend/modules/payroll/api/payslip_approval.py:36,approval_flow_scope 下 payslip 有自己的簽核流程設定，但資格限制是程式,CFG-018,superadmin 改『允許的簽核角色』設定並留稽核——適合,業務角色自改——內控放寬不應由申請端決定,定義庫草稿→發佈——可行但此項變動頻率低，過度設計,若主持裁示仍要求只由最高管理者簽，可保留,A,legal,S,P3
CH-01-02,B01,組織結構與簽核鏈,案件代辦的「工程核准=部門主管、業務核准=處主管」對應寫死,哪一種核准由組織哪一層負責，會隨組織重整或職掌調整而改，每次都要改碼。,總經理／管理部,_case_approver_ids 以案件業務員的部門主管當 can_eng、處主管當 can_biz，並與模組鍵 project_approve_eng/biz 做 OR；連『工程=部門、業務=處』的對應也是程式決定,backend/modules/case/api/case_action_items.py:99,project_approve_eng/biz 模組鍵可由 users 設定授權（已可由人工授權）；主管來源與對應仍在程式,,設定『工程核准來源=部門主管/處主管/指定人』——簡單可行,由業務角色改對應需簽核——此為核准權限，不宜免審,納入簽核流程定義（與簽核設定頁合流）——最佳，但工程較大,保留：只有兩種核准且穩定時可不動,A,ops,M,P2
CH-01-03,B01,組織結構與簽核鏈,簽核代理人（代理）規則：誰能設、是否轉授、是否限單據類型,組織變大後會要求『代理需主管核准』『限特定單據』『禁止代理自己申請的單』，這些都要改碼；請假/出差代理規則常因稽核調整。,管理部／最高管理者,只有 approval_delegates 的起訖日期+委託人/代理人兩個帳號；僅『本人或 superadmin』可設定（user['role'] != 'superadmin' 判斷），不分單據類型、無核准流程、無轉授限制；勞報單鏈有另一套代理人展開,backend/routers/approval_delegates.py:65,approval_delegates 表本身已是可由使用者維護的資料（代理對象與期間已非寫死）；規則層無設定，所以僅規則部分列入,,superadmin 設定代理規則（誰能代設、是否限類型、最長天數）——適合，成本小,代理需由主管核准——可行，與組織簽核鏈一起做,可併入簽核流程定義,目前規則簡單，可先保留,A,ops,M,P2
CH-01-04,B01,組織結構與簽核鏈,組織簽核鏈固定「部門主管→處主管」兩層，且層級名稱寫死,公司一旦新增組別/課、事業群或扁平化，簽核鏈就要改碼；組織重整約每年 1-2 次。,最高管理者（總經理）搭配管理部,resolve_submitter_org_chain 只查 users.department_id→departments.division_id 兩層；ORG_ROLE_LABELS 只有 department_manager='部門主管'、division_manager='處主管'；db.py 的 divisions/departments 表也只有處+部門兩級，無法掛第三層,backend/helpers/tiered_approval.py:176,簽核設定頁可手動加 department_manager/division_manager 項目（sourceType）與指定主管；但鏈的深度與層名稱仍在程式,CFG-108,深度/層名由 superadmin 改設定——適合中小改動，但新增組織層需 schema 支援，只改設定不夠,業務角色改組織樹——組織樹本身可由管理部維護，但解析規則不宜讓非技術人員直接改,組織層級定義（層名、往上規則、頂端止於知會或最高管理者）做成 definitions 草稿→發佈→還原——最符合，可回滾,保留兩層預設值於程式作為 fallback,C,ops,L,P3
CH-01-05,B01,組織結構與簽核鏈,退回/無簽核流程時一律由 superadmin 處理（fallback）,公司規模擴大，最高管理者不應是唯一兜底者；改成『管理部主管』或『財務主管』需改碼。,最高管理者,check_reject_permission：沒有簽核層時 user['role'] != 'superadmin' 即 403『僅超級管理員可執行此操作』；superadmin 永遠可退回任一層；check_no_tier_self_approval 以『還有別的 superadmin』判斷自簽；已結案案件變更（case_change）也是單層『任一 superadmin』,backend/helpers/tiered_approval.py:512,簽核設定頁可為各單據設定自訂層；兜底角色不可設,CFG-105,superadmin 指定『兜底簽核人/角色』——適合,業務決定兜底人——需經最高管理者核准,併入簽核流程定義庫,保留 superadmin 作最後保險，只把『第一兜底人』外放,A,ops,M,P2
CH-02-01,B02,角色、人員類型與標籤,內建角色清單與『新人員類型』上架需改多處程式,新增外包人員、派遣、供應商、現場人員等類型時，要同步改 VALID_ROLES、system.py 自訂角色基底、mail_types.ROLES、樣板與前端 select，漏一處就不一致；預期每年 1-2 個新類型。,最高管理者,"VALID_ROLES=('superadmin','admin','sales','engineer','viewer','finance')，system.py 另有 _VALID_BASE_ROLES、mail_types.ROLES 與 custom_builder_support.VISIBLE_ROLES 各抄一份",backend/helpers/auth.py:158,custom_roles（system_settings.custom_roles）與職責角色 duty_roles（user_duty_roles）已可新增自訂角色與權限組合，所以多數新職務可不新增 role 值；僅『基底角色』需要改碼,CFG-135,superadmin 設定基底角色註冊表——適合,不適合給業務角色（涉及權限）,定義庫——過度，因已有 duty_roles,多數情境用 duty_roles 即可，真正新基底角色少見；已有部分覆蓋，價值有限（註：低階角色字面值改寫屬 1d）,D,security,M,—
CH-02-02,B02,角色、人員類型與標籤,各角色預設模組樣板（ROLE_TEMPLATES）與職責角色種子寫死在程式,新增部門職掌或新模組上線時，業務/工程/PM/採購的預設可用模組都要改碼；每個新模組都會碰。,最高管理者／系統管理員,"ROLE_TEMPLATES 為字面常數，如 sales=(dashboard, quotation, case_manage, customer, project_approve_biz, work_log, daily_task, map)；migrations 內 _DUTY_SEED 另有 finance/sales/engineer/procurement/pm/sysadmin/viewer/admin_legacy 七八組",backend/helpers/module_registry.py:83,職責角色（duty_roles，create_role/update_role）與 custom_roles 可在 UI 建立新樣板；內建 6 組仍在程式。已有部分覆蓋，故價值降低,,superadmin 可覆寫內建樣板（含稽核）——適合,不適合：授權屬高敏感,duty_roles 已是草稿式變更紀錄，可直接沿用,內建樣板留為出廠預設,A,security,S,P3
CH-02-03,B02,角色、人員類型與標籤,各頁面前端角色名稱字典重複（與 role_labels 設定脫鉤）,管理員在使用者頁改角色顯示名稱（如『工程師』改『工務』），其他頁面仍顯示舊名，需逐頁改碼。,最高管理者,"approval-queue.html 內 LABEL={superadmin:'最高管理者',admin:'管理員',sales:'業務',engineer:'工程師',viewer:'檢視者'}；daily-tasks.html:3069 超管/工程師；online-stats、mail-settings:150、module-builder-elements.js:110 各自再寫一份；後端 _DEFAULT_ROLE_LABELS 另含 finance，但 RoleLabelsBody 沒有 finance 欄位",frontend/pages/approval-queue.html:1509,role_labels 設定（GET/PUT /api/settings/role-labels，system.py:2796）已可編輯，且 users.html 已讀取；其他頁面未接，且 finance 標籤無法編輯,,各頁改讀 role_labels——已有設定，只需接線，最合適,不需,不需,不適合保留重複,A,none,S,P1
CH-02-04,B02,角色、人員類型與標籤,案件填表人/業務負責/執行負責 三種角色固定,新增『專案經理』『工務負責』『設計』等案件角色時，每次都要改後端常數、資料遷移與多個前端頁。,營運主管／管理部,"ROLE_KEYS=('filler','sales','executor')，ROLE_LABELS={'filler':'填表人','sales':'業務負責','executor':'執行負責'}；quotation 資料裡 roles 也是這三把 key；其他模組還有 sales_person_id 欄位直接綁業務員",backend/helpers/case_roles.py:8,無,CFG-136,superadmin 設定可增減案件角色清單——可行，但要處理既有資料與必填規則,管理部自行維護——需有簽核，避免角色被亂刪,案件角色定義走 definitions 草稿→發佈→還原——適合，因為會連動可見性、獎金與通知,保留：與案件存取守門、獎金歸屬深度耦合，先不動亦合理,C,ops,L,P3
CH-03-01,B03,單據類型、狀態與修改／刪除規則,『僅草稿可刪除/編輯』規則散在各單據 API，無共用轉換表,老闆想放寬（例如退回後可刪、已核准可申請變更）時，要逐模組改：報價單僅草稿可刪、發票開立單/請款單/完工單/出貨單/匯款申請皆僅草稿可編輯刪除送審，額外支出為草稿+已駁回，傳票僅草稿。,老闆／財務主管,"報價單狀態手動 PATCH 白名單 {草稿,待審核,已送出,已取消,已拒絕} 且僅 superadmin；各單據自有 EDITABLE 常數與 403 訊息；已核准後的變更申請另走模組自己的流程（material_change 實質欄位 SUBSTANTIVE_KEYS 變動即回草稿重送審）。",backend/modules/case/api/quotations.py:1951,簽核流程層級可設定(approval-flow)，但『各狀態誰能做什麼』無設定,"CFG-050,CFG-093,CFG-094,CFG-095,CFG-096,CFG-097,CFG-098,CFG-100,CFG-101",可設定每類單據的可編輯/可刪除狀態與可作廢角色，但需限制不得放寬到已付款,業務主管提案、老闆核准,若有統一狀態代碼後，可存成『單據規則表』定義,涉及金流的鎖定（已付款不可動）留碼,B,money,L,P3
CH-03-02,B03,單據類型、狀態與修改／刪除規則,各單據狀態詞彙不統一且為裸中文字串（草稿/待審核/簽核中/已核准/已駁回/已退回/已拒絕/已取消/已撤回/作廢/已作廢）,同樣是『被打回』，額外支出叫已駁回、叫料與變更叫已退回、報價叫已拒絕；任何新增或改名（例如多一個『覆核中』）要掃全站。裸字串計數（排除測試）：'草稿' 後端51/前端94；'待審核' 63/87；'已核准' 44/59；'已作廢' 11/32；'已駁回' 2/13。,系統管理員／產品負責人,"每個模組各自宣告元組：voucher.VOUCHER_STATUSES、material_approval.STATUSES(含已取消)、material_change(含已撤回)、material_payment(作廢，無『已』)、case_extra_expenses.EDITABLE=(草稿,已駁回)、payslip _LOCKED_STATUSES、approval_queue.ACTIVE_STATUSES=(待審核,簽核中)、LIVE_STATUSES、COUNTED_EXTRA_STATUSES，且 SQL 內也直接比對字串。",backend/modules/case/api/case_extra_expenses.py:81,無統一狀態表；僅前端 badge 顏色另有重複（CFG-087）,"CFG-087,CFG-093,CFG-094,CFG-095,CFG-096,CFG-100,CFG-101,CFG-102,CFG-103",只能改顯示名稱，無法動語意，且字串被當 key，改名會破壞 SQL 與歷史資料,不適合：不是業務可調,不建議做成可編輯，需先重構成語意代碼(draft/in_review/approved/returned/void)＋顯示標籤表,短期保留，先建立共用狀態常數模組與守門測試，再談外移,D,money,L,—
CH-03-03,B03,單據類型、狀態與修改／刪除規則,承攬派發狀態與匯款款別可開立階段綁死程式內6個狀態,匯款款別(訂金/進度/完工/驗收)雖已可設定，但每個款別『在哪些派發狀態可開立』只能從固定的6個狀態中選；若派發流程新增『複驗中』『保固款』之類階段，款別規則與流程都得改碼。,承攬/工務主管、財務,"remit_kinds.STAGES=('draft','sent','confirmed','pending_acceptance','accepted','completed') 並驗證 stages 必屬其中；dispatch_flow.STATUSES 另含 cancelled，作業狀態(英文代碼)與審核狀態(中文)兩套並行；預設4款別預設值在 _DEFAULT。",backend/modules/subcontract/remit_kinds.py:23,core.definitions kind=remit_kinds（款別名稱、啟用、排序、各款別可開立階段已可設定，draft->publish->restore）,"CFG-100,CFG-115",款別層級已具備，派發狀態本身不可增,不適用,若要增加派發階段，需把 STATUSES 也定義化，連動 pdf/報表，成本高,派發狀態機留碼，款別外移已足夠,D,ops,L,—
CH-03-04,B03,單據類型、狀態與修改／刪除規則,簽核單據類型為內建9類固定清單，新單據需寫碼註冊,每新增一種單據（材料申請、變更、款項、薪資單、承攬派發都是這樣加的，已有5個 register_doc_type 呼叫），就要在模組啟動時寫碼登記並決定是否走統一流程；DEFAULT_UNIFIED 的分組是程式內預設。,系統管理員／老闆,"APPROVAL_DOC_TYPES 內建 quotation/shipping/invoice_voucher/payment_request/contractor_voucher/extra_expense/completion/voucher/bonus；DEFAULT_UNIFIED_DOC_TYPES 6類；標籤字典寫死；其餘由 register_doc_type(code,label,unified) 於模組載入時登記，不是資料。",backend/helpers/tiered_approval.py:58,approval-flow 設定頁（層級與套用範圍可設）、expense_type 定義(A2)可走 register_doc_type,"CFG-105,CFG-106,CFG-107",流程層級已可設，新增類型仍要碼,不適用,自訂模組（建構器）若要簽核，可由定義自動登記，現已有 custom_modules 管道,內建類型留碼合理，風險在於各模組實作自己的簽核狀態機（9+5套）,D,ops,M,—
CH-03-05,B03,單據類型、狀態與修改／刪除規則,請款單款項類別(PAYMENT_STAGES)與完工單項目狀態固定,業務想新增『保留款』『保固金』『期中款』或完工項目狀態（如『待補件』）時要改碼，前後端各有一份（前端 payment-request-form.html 另有 value/label 選項）。,財務／專案主管,"PAYMENT_STAGES={full:全額,deposit:訂金款,delivery:交貨款,acceptance:驗收款,final:尾款}，建立與更新都以 `not in PAYMENT_STAGES` 擋；完工單 ITEM_STATUSES=('完成','部分完成','未施作')。",backend/modules/arap/api/payment_requests.py:99,無（remit_kinds 是承攬匯款端，不含客戶請款端）,"CFG-115,CFG-118",superadmin 維護選項清單，簡單；key 一旦被單據使用不可刪除（可仿 remit_kinds 的 _known_codes）,財務可維護，不涉金額計算故風險低,可直接重用 remit_kinds 的定義模式(code/name/active/sort),scope(amount/items) 計算方式留碼,C,none,S,P1
CH-04-01,B04,案件／專案生命週期與階段,『哪個階段必須有哪些單據』的判定規則寫在 SQL（缺單據）,公司想改成『完工需有驗收單』『收款需有發票或收據』等必備文件規則時，要改 SQL 與清單旗標；各案類型常不同。,業務主管／財務主管,"缺單據＝已收款卻沒發票號碼，或全部執行階段完成但完工單與出貨單兩張都沒有（只缺一張不算）；以 SQL 字串寫在報價清單。附件分類也固定 FILE_KINDS=('invoice','other')。",backend/modules/case/api/quotations.py:776,無（CFG-046 只提附件種類固定二種）,CFG-046,超管設定必備文件表，可行但缺業務語意,業務／財務主管設定並經核准，適合,以定義庫存放『階段×必備單據類型』規則，並可版本回溯，最適合,不適合,C,ops,L,P3
CH-04-02,B04,案件／專案生命週期與階段,完結案前置關卡（五關）與須簽核完的單據清單固定,每新增一種單據（完工單就是事後才補上的，程式註解自承漏過），或老闆要增減結案條件（如要求保固金、客戶簽收），就得改碼；新模組上線時最容易漏。,老闆／財務／專案主管,_CLOSE_DOC_TABLES 寫死6張表（報價單、承攬商匯款申請、開票申請憑據、出貨單、請款單、完工單），_gates_from_facts 固定五關：進度100%、款項全收、單據簽核完、精算 status=='finalized'、額外支出；各關 key/label 與判定硬寫在函式內，新單據表需手動加進清單。,backend/modules/case/api/quotations.py:2092,無（關卡矩陣前端只讀這份輸出）,,superadmin 勾選啟用哪幾關、哪些單據表算數，風險低，適合第一步,結案條件由專案管理／財務決定，但需簽核留痕,若要自訂新關卡條件則需定義檔；一般只需開關,關卡判定演算法留碼，僅外移『啟用清單』,A,ops,M,P2
CH-04-03,B04,案件／專案生命週期與階段,案件執行階段(case_stages)完全自由輸入，無階段範本/預設階段,每新增一件案子，專案負責人都要手動打同樣的階段（設計、備料、施工、驗收…）；若公司想依案件型態（監控/網通/標案）帶出標準階段與到期天數，目前沒有任何落腳處，只能靠使用者重複輸入或日後改碼。,專案主管／老闆,create_case_stage 僅接受 label 字串，sort_order 為遞增；無 template 表、無案件類型欄位(grep caseType/project_type 無結果)；進度 100% 與結案關卡直接依 case_stages.done 判定。,backend/modules/case/api/quotations.py:3526,無（案件階段到期有每日提醒，但階段內容無範本）,,superadmin 維護一份預設階段清單，簡單但沒有型態區分,專案主管維護範本更貼近實務，需簽核/版本,最適合：階段範本定義(依案件型態、天數偏移、預設負責角色)走 draft->publish，建案時選範本複製,階段與日曆/每日任務同步邏輯留碼,C,none,M,P2
CH-04-04,B04,案件／專案生命週期與階段,案件成交狀態機（dealTag：未提供/已提供/未成案/已成案/已結案）寫死為裸字串,業務一旦新增『議價中』『暫停』『保固中』等階段，或改誰能降級／結案，就要同時改後端狀態機與十幾個頁面；每次調整流程都會碰到。已成案 後端93處、前端71處；已結案 後端171處、前端99處（grep 裸字串，含註解）。,老闆／業務主管,"update_deal_tag 內：未成案/已成案限 superadmin/admin；已結案限 superadmin；已成案須報價單狀態='已送出'；已結案只能由已成案進入；已結案不可逆（僅 superadmin）。Body 模型 deal_tag 為自由字串無列舉，狀態名散落 quotation-form/quotations/case-management*/reports/warranty 等12個前端檔，另有 DB migration 以 IN ('已成案','已結案') 比對。",backend/modules/case/api/quotations.py:2408,無（只有已結案半解鎖機制與簽核流程可設定，狀態集合與轉換表不可設定）,"CFG-098,CFG-099",只能調權限角色，無法加狀態，不夠,狀態機屬業務決策，但改動牽動結案鎖定、保固追蹤、損益認列，需簽核,最適合：以 core/definitions 存『案件階段定義』(key/label/可進入來源/需角色/是否鎖定/是否認列)，draft->publish->restore；程式只認語意旗標（locked、won、closed）不認中文名,結案鎖定與認列語意應留碼，只把名稱與轉換表外移,C,money,L,P3
CH-05-01,B05,編號規則,各文件編號格式分散在至少5套產號程式,改前綴、位數、改成年重置/日重置、或按分公司加前綴時，要改多處且各自風格不同：實體碼 前綴-YYYYMM-NNN(3位月重置)；費用單據 {PR/PO/TE/PC}-YYYYMMDD-NNNN(4位日重置)；材料申請 MO-YYYYMMDD-NNNN；另有變更/匯款單各自一份 next_doc_code。,財務／行政主管,db.next_entity_code 以 GLOB 與固定 LENGTH(prefix+11) 運算，呼叫端傳入 CN/DN/IV/PR/NP/PV/V/S/C/PO；expense_forms.next_doc_code 與 material_approval/material_change/material_payment 各複製一份日重置版；KIND_PREFIX 寫死 4 個前綴。,backend/db.py:5834,費用單據定義 JSON 已有 numbering.prefix（PREFIX_RE 驗證）但 next_doc_code 仍讀程式內 KIND_PREFIX，兩者脫鉤,"CFG-081,CFG-082,CFG-083,CFG-084",superadmin 調前綴/位數/重置週期，可行但要先收斂成單一產號器,財務可提，但改編號影響已簽核單據與唯一索引，需簽核,編號規則存入定義(prefix/digits/reset/含日期)，單據釘 def_version，已有此機制可沿用,重置與撞號鎖邏輯留碼,C,ops,L,P3
CH-05-02,B05,編號規則,單號正規式 MQ-\d{6}-\d{3} 到處複製,報價單編號格式一改（位數、前綴、分公司），所有以正規式辨識單號的地方會悄悄失效（稽核連結、案件權限、傳票來源、PDF、前端日期工具）。後端與前端共46處出現 'MQ-'，涵蓋 22 個檔案。,行政／系統管理員,_QUOTE_NO_RE=^MQ-\d{6}-\d{3}$（建立時擋佔位字串）、audit._CASE_NO_RE、core/migrations 內 MQ-\d{6}-\d{3} 各自一份；前端 motrix-date.js、voucher、audit-log、dev-crm、payment-request、quotation-form 亦硬寫。,backend/modules/case/api/quotations.py:711,無,CFG-084,設定單號格式不足以讓正規式連動，需先集中成單一 helper,不適合,配合單號定義一起發布，並由 helper 輸出正規式給前後端,在收斂前保留；舊資料單號已固化,C,ops,M,P2
CH-05-03,B05,編號規則,費用單據種類(請購/採購/差旅/零用金)清單、前綴與是否進出納雙重寫死,新增一種單據（如『預支款』『員工借支』）理論上用定義即可，但後端仍要改 KINDS、KIND_PREFIX、_PAYABLE_KINDS，否則被 check_kind 擋；這是檔內註解承認的過渡狀態（等 register_kind）。,財務主管／老闆,"expense_forms.KINDS=('purchase_req','purchase_order','travel','petty_cash')；KIND_PREFIX={PR,PO,TE,PC}；_PAYABLE_KINDS={purchase_order,travel,petty_cash}（請購單不入應付）；payable_sql 用字串拼 SQL；helpers/expense_types 另有 DEFAULT_KINDS 同一份。定義 JSON 已含 numbering 與 payable 欄位，卻沒被這幾處採用。",backend/modules/case/expense_forms.py:18,core.definitions kind=expense_type（欄位、版面、numbering、payable 可存草稿/發布/還原），helpers/expense_types.py,"CFG-121,CFG-082",設定僅能改現有，不能新增種類，不夠,財務自行新增種類合理但涉及入帳，需簽核,最適合：讓 check_kind/前綴/payable 全改讀 expense_type 發布版，程式內 4 種只當預設,payable 對總帳與報表的影響需有守門測試，邏輯留碼、旗標外移,C,money,M,P3
CH-06-01,B06,分類、單位與付款方式清單,出納付款方式(轉帳/現金/零用金)與總帳貸方腿對應固定,公司新增支票、信用卡、第二個零用金帳或公司代墊時要改碼，並連動總帳科目(零用金貸 1112、其餘貸銀行 1113)。,財務主管／會計,"PAY_METHODS=('transfer','cash','petty_cash')，標籤 PAY_METHOD_LABEL 寫死；零用金支付單必填付款方式，其他預設轉帳；科目代碼 PETTY 1112/銀行 1113 由總帳事件讀取。",backend/modules/case/expense_forms.py:222,expense_type 定義內有 payAccountCode 欄位概念，但方式清單無設定,,superadmin 增減付款方式與對應科目，風險受控,會計／財務可提，需簽核（影響分錄）,可併入 expense_type 定義或獨立 payment_methods 定義,貸方腿科目對應涉及會計正確性，建議保持有守門測試,B,money,M,P3
CH-06-02,B06,分類、單位與付款方式清單,報價單單位清單與預設值寫死於樣板,不同產業常新增單位（人月、坪、式）；清單 19 個單位及預設單位『台』要改頁面檔才能更新，且與報價 PDF 條款分開維護。,業務主管,quote-unit-options datalist 寫死 19 個單位（台、套、組、式、個、批、條…SET、立）；新增明細列預設 unit:'台'、brand:''；報價條款區塊標題與順序亦寫死（已列在 CFG-112）。,frontend/pages/quotation-form.html:1552,datalist 可手動輸入任意單位（不強制）,CFG-112,超管維護單位清單，適合,業務主管維護單位並免核准（低風險）較貼近使用者,可與條款範本一併做成報價範本定義,不強制輸入，保留亦可,B,none,S,P1
CH-06-03,B06,分類、單位與付款方式清單,差旅/零用金/請購規則靠定義 JSON 出貨預設，而非業務可見的規則,"差旅費用、零用金的欄位與規則已可由定義調整，但預設值仍由 helpers/expense_type_defs/*.json 隨程式出貨(版本0)，且 MAX_LINES=200、MAX_DATA_BYTES、RESERVED_KEYS(applicant/dept/cost_dept/urgency 等)與緊急度 ['一般','急件','特急'] 為程式常數；公司新增部門別欄位、緊急度層級要發版。",財務／行政,RESERVED_KEYS 型別固定；_URGENCY 寫在 expense_types.py；明細上限與保留鍵在 expense_forms 與 expense_types 各一份(MAX_LINES 重複)。,backend/helpers/expense_types.py:31,core.definitions kind=expense_type 可編輯欄位/版面/numbering，支援草稿發布還原，已是最成熟的一塊,"CFG-054,CFG-121",上限類數值併入 system_settings 即可,財務可在定義編輯器改欄位，已具備,已採用，建議把保留鍵緊急度也納入定義,保留鍵(平台識別)與型別留碼合理,C,none,S,P1
CH-06-04,B06,分類、單位與付款方式清單,料件分類、編號前綴與常用單位清單寫死,新增產品線（如門禁、電力、軟體授權）就要改碼才有新分類與料號前綴；計量單位(式/組/米/台)直接寫在各頁 datalist，加『批』『卷』要逐頁改，且報表以分類集合判斷設備類。,採購/倉管主管,PART_CATEGORIES 6 筆(網通設備NET、監控設備CCTV、交換器SW、伺服器/工控SVR、線材配件CAB、其他OTH)，註解寫『新增分類時可在此增列』；單位在 case-management.html 以 <option value=...> 列出，預設單位 '式' 在 case-management-dispatch.js、completion-note-form.html、quotations.py:6543、vendor_contractors.py:1242 各自硬寫。,backend/helpers/part_catalog.py:11,無,"CFG-122,CFG-124",superadmin 增減分類(含前綴)與單位，前綴一旦使用不可改,採購主管可維護，成本低、金額風險小,小型清單用 system_settings 即可，不需完整定義store,料號前綴已發出後需保持唯一，不可回改,B,none,S,P1
CH-06-05,B06,分類、單位與付款方式清單,獎金分潤三類（業務/專案/後勤）與預設比例,公司新增設計、客服、維運等分潤對象，或調整分配比例，就要改碼與資料遷移；比例變動頻率每年數次。,總經理／財務長,"CATEGORIES=('sales','project','admin')，CATEGORY_LABELS 同三個，DEFAULT_SPLIT_BP={'sales':5000,'project':3000,'admin':2000}；前端 bonus.js:68 另寫一份 catLabels",backend/modules/payroll/bonus_case.py:19,獎金比率與分配設定可由設定覆蓋（程式只是後備值），但『類別』本身不可增減；前後端各寫標籤,"CFG-017,CFG-020",superadmin 改類別/比例——涉金額，要稽核,財務長改，並經簽核——最合邏輯,類別定義草稿→發佈→還原，歷史單據保留當時版本——最安全,金額計算邏輯本身留在程式,C,money,M,P3
CH-07-01,B07,主檔欄位、匯入匯出與備份範圍,Excel 匯出的欄位集合與表頭固定（稅務匯出、報表、客戶清單）,會計事務所或內部報表需求常要增減欄位、改欄序；每次都要改程式。,財務主管／會計,"稅務匯出表頭 ['發票號碼','發票開立日期','收款日期','案件號','客戶名稱','統一編號','金額（未稅）','稅額','金額（含稅）','稅別','備註'] 與藍底 2563EB 樣式寫死；營運報表欄寬 income_cols 固定；匯出冷卻 5/30 秒另見 CFG-052。",backend/modules/analytics/api/reports.py:2772,無（xlsx_out.py 只提供樣式與公式注入防護、冷卻）,CFG-052,超管設定欄位集合，可行,財務主管選欄位並核准，適合,報表欄位集定義進定義庫，較完整,申報用格式（401 等）建議保留程式,B,money,L,P3
CH-07-02,B07,主檔欄位、匯入匯出與備份範圍,備份／歸檔匯出的『表清單與結構』固定在程式,新增模組或資料表時，備份清單要同步改碼，否則新資料不在每日 JSON 匯出內；稽核要求保存範圍變更時也需改碼。,系統管理員／稽核,"_daily_backup_tables() 以固定 {中文表名: SQL} 清單輸出，如 '客戶': 'SELECT * FROM customers ORDER BY id'；快照身分驗證表 SNAPSHOT_IDENTITY_TABLES = ('稽核紀錄','報價單','客戶')；個資另走 _export_pii_json_set。",backend/archive.py:2159,保留份數／天數已有設定（backup_retention，archive.py:52；CFG-036），表清單本身無設定；有測試守『新增資料表要同步登記』,"CFG-036, CFG-055",超管開關個別表可行，但誤關有資料遺失風險,不適合給業務,不適合,建議保留在程式，並以守門測試強制新增表需登記（現況已採用）,D,ops,S,—
CH-07-03,B07,主檔欄位、匯入匯出與備份範圍,客戶 Excel 匯入匯出欄位集合與標題寫在前端,新增欄位（信用額度、發票類型）或配合 ERP 對匯入範本改名，都要改頁面程式；匯入依中文表頭『統一編號／統編』對應。,業務主管／管理部,exportExcel 固定 16+ 欄（公司名稱、英文名稱、統一編號、電話、傳真、Email、網站、地址、送貨地址、產業別、客戶類型、負責業務、付款條件、內部標籤、主要聯絡人…）；匯入用同一批表頭字面值映射，必填僅『公司名稱』，統編相符則更新。,frontend/pages/customers.html:984,無,,超管維護欄位對應表，可行,業務主管維護，並需預覽核准,以匯入範本定義（草稿→發佈→還原）最安全，避免舊範本突然失效,保留預設欄位，其餘走自訂欄位,C,ops,M,P2
CH-07-04,B07,主檔欄位、匯入匯出與備份範圍,客戶主檔下拉選項（產業別／客戶類型／付款條件）寫死在前端,業務換產品線、新增客戶分級或付款方式（例如月結 45 天）就要改 HTML 並發版；幾乎每季都會有人要求加選項。,業務主管／財務,"客戶類型 ['一般','VIP','潛在']、產業別 ['製造業','科技業','流通業','服務業','建設業','其他']，付款條件 <option> 月結 30 天／月結 60 天／貨到付款／預付／分期（依報價），預設『月結 30 天』；匯出入 Excel 也沿用這些字面值。",frontend/pages/customers.html:898,無（標籤 preset 在畫面內可新增，但上述三組選項沒有設定來源）,,超管在設定中心維護選項清單並留稽核，適合，成本低,業務主管自行維護選項，不涉金額計算，適合,定義庫草稿→發佈過重，只是清單,不適合留在程式碼,B,none,S,P1
CH-07-05,B07,主檔欄位、匯入匯出與備份範圍,客戶名稱關鍵字自動判斷產業別的規則,關鍵字與對應產業是業務分類口徑，換分類就得改正規表示式。,業務主管,輸入公司名稱時：/科技|電子|半導體|軟體|資訊|網路/→科技業、/製造|機械|模具|五金|鑄造|精密/→製造業、建設業、流通業，寫死在 Alpine 方法。,frontend/pages/customers.html:973,無,,超管編輯關鍵字表，可行,業務主管編輯，可行（與產業別清單同一頁）,過重,可保留，僅屬輔助預填、錯了可手改,B,none,S,P1
CH-07-06,B07,主檔欄位、匯入匯出與備份範圍,客戶／供應商主檔完全沒有必填與格式驗證規則（統編、電話）,公司一旦要求統編必填、8 碼檢查碼、電話格式或某類客戶必填欄位，就得改 API 與表單；稽核或客戶要求時常出現。,財務主管／管理部,CustomerIn／SupplierIn 只有 name 必填，tax_id、phone 為任意字串，後端不驗證長度與檢查碼；僅前端 maxlength=8 與統編查詢按鈕檢查 8 碼數字（GCIS 查詢端點另驗）。承攬商 id_number 同樣不驗證。,backend/routers/customers.py:20,GCIS 統編查詢（routers/company_lookup.py:141 驗 8 碼）僅是查詢輔助，不是儲存規則,,超管設定『必填欄位／格式規則』並留稽核，適合,業務角色自改驗證規則風險偏高，需核准,以定義庫存放主檔欄位規則（草稿→發佈→還原）最符合，可與自訂欄位合併,不建議；規則會變,C,ops,M,P2
CH-07-07,B07,主檔欄位、匯入匯出與備份範圍,承攬商名冊的國籍選項與 Excel 匯入匯出欄位順序,外籍人員類別、新增銀行分行或身分證明欄位時要改程式；匯入依中文表頭比對，改名即壞。,管理部／財務,ContractorIn 預設國籍『本國籍』，下拉選項寫在 contractors.html；_XLSX_COLS 固定 15 欄（姓名、證件號碼、國籍、職業工會投保、電話、Email、地址、LINE、銀行代碼…狀態）。,backend/modules/subcontract/api/contractors.py:225,無（名冊匯入已支援缺欄不動，但欄位集合固定）,,超管編輯欄位集合，可行,管理部自行維護選項清單，適合,若主檔欄位進入定義庫，匯入匯出欄位可一併由定義驅動,薪資/銀行敏感欄位對應建議保留在程式,C,ops,M,P2
CH-07-08,B07,主檔欄位、匯入匯出與備份範圍,自訂欄位機制沒有涵蓋任何主檔（客戶／供應商／承攬商／使用者）,業務想在客戶加『信用等級』、承攬商加『證照到期日』等欄位時，只能改 schema 與表單，每次需發版。,業務主管／管理部,definitions 的 custom_fields 類型已有驗證器與型別(text/number/date/select/checkbox)，但核心欄位表 _CORE_FIELDS 只登錄 invoice_vouchers 一個 key；customers/suppliers/contractors 只有 data_json 自由欄，沒有定義消費者，customFields 只在開票憑據樣本視圖出現。,backend/routers/definitions.py:84,自訂欄位定義庫（草稿→發佈、版本凍結）與自訂模組（helpers/custom_modules.py）已存在，但未接到主檔,,超管直接改欄位，缺乏業務參與,業務主管提案再核准，適合,沿用現有 custom_fields 定義庫，補上 customers/suppliers/contractors 的 _CORE_FIELDS 與表單渲染，最適合,不適合,C,ops,M,P2
CH-08-01,B08,附件規則與文件版式,只有 2 種單據走『輸出版型』，其餘 PDF 抬頭／條款／簽章欄位皆在 Python 內,客戶要求報價單換條款標題、簽章欄、頁尾字樣或語言，目前要改 pdf_gen 並發版；已有 output_template 機制卻只套到勞報單與開票憑據。,業務主管／管理部,helpers/output_templates 只有 payslip.json、invoice_voucher.json；報價單條款區塊『付款條件／交貨條件／保固條件／售後服務／驗收標準』、『五、報價條件』、『買方確認 · 簽章』、傳票標題 收入傳票／支出傳票／轉帳傳票、完工單、出貨單、獎金 PDF 皆為 Python HTML 字串。,backend/pdf_gen.py:334,"output_template 定義庫（草稿→發佈、版本凍結，helpers/doc_template.py:541、pdf_gen.py:971,1944）；公司抬頭／頁尾走 company_identity 多據點解析；報價預設條款已由後端設定提供","CFG-112, CFG-113, CFG-114, CFG-117",超管改文案可行，但無版面控制,業務角色改文件風險高，需核准,把報價單、出貨單、完工單、傳票逐步遷入 output_template，最適合,簽核狀態浮水印由程式決定（已是不變式），保留,C,legal,L,P3
CH-08-02,B08,附件規則與文件版式,各類單據 PDF 標題等固定字串（傳票類別名稱等）無法由業務調整,公司要求傳票名稱或單據標題改版（例如『付款傳票』）需要改碼；與傳票類別『收／支／轉』綁在一起。,財務主管,"CATEGORY_TITLES = {'收':'收入傳票','支':'支出傳票','轉':'轉帳傳票'}，預設『傳　票』，由 voucher_pdf 直接取用。",backend/modules/accounting/voucher.py:175,無,"CFG-113, CFG-129",超管編輯標題，可行,財務主管編輯，需核准,併入 output_template，可行,類別碼 收/支/轉 應保留在程式,C,legal,S,P3
CH-08-03,B08,附件規則與文件版式,附件規則缺乏『依單據類型設定允許格式／大小／張數』的結構（簽回檔、發票附件各寫各的）,勞報簽回檔想收 HEIC/docx、某單據想限制 5 個附件、合約想收 20MB 以上，目前每個模組各自改常數並發版。,管理部／財務,"全域副檔名與 20MB 在 helpers/uploads.py，另有 _EXTRA_EXTS_BY_SUBFOLDER 與 UPLOAD_LIMITS_BY_SUBFOLDER 只含 case_extra_expense(10 檔、50MB)；勞報單簽回檔自帶 _SIGNED_EXTS {pdf,jpg,jpeg,png}、_SIGNED_MAX_BYTES 20MB，不走同一張表。",backend/modules/payroll/api/payslips.py:181,uploads.py 已有 subfolder 層表（CFG-044/045/048/049 已列，是常數不是設定）,"CFG-044, CFG-045, CFG-047, CFG-048, CFG-049",超管編輯『依單據類型的附件政策』單一表並留稽核，適合（新增：把簽回檔收進同一表）,業務角色改風險高：副檔名涉及安全，需核准,可用定義庫，但檔頭驗證（magic bytes）仍須程式白名單,保留 magic bytes 白名單於程式，政策表只能在此集合內調整,A,security,M,P3
CH-09-01,B09,通知與提醒,信件主旨前綴、頁尾與各信 intro／按鈕措辭寫在程式（依單據類型逐一複製）,更名公司或系統、調整語氣、加客服資訊，目前要改 20+ 處字串並發版；信件類型已登記，但文案未分離。,管理部／行政,主旨前綴 SUBJECT_PREFIX='【MOTRIX 系統通知】'，頁尾『本郵件由 MOTRIX 系統自動發送，請勿直接回覆。如有疑問，請聯絡系統管理員。』，各單據 intro『您好，以下報價單已進入簽核流程，敬請於系統中完成審核作業。』『前層審核已完成…第 N 層』等報價、出貨、匯款、開票、請款各複製一份。,backend/helpers/email_notify.py:144,mail_types 登記表（名稱、分類、影響、建議處理）仍是程式內註冊；公司抬頭走 company_identity,CFG-109,超管編輯主旨／頁尾／intro 文案並留稽核，可行,管理部編輯文案，需預覽與核准,信件範本進定義庫（draft→publish→restore），含預覽，最適合,安全類告警（backup_error 等）文案建議保留程式,C,ops,M,P2
CH-09-02,B09,通知與提醒,提醒結構（誰收／何事提醒）散在各模組呼叫端,新增或調整『哪件事要提醒誰』（保固到期、停滯開發案、出貨單卡簽核、應付到期）要改各模組程式；沒有集中的提醒規則表。,營運主管,信件類型登記在 helpers/mail_types.py 並可覆寫收件人；但站內通知（_notify）收件人由各模組呼叫端決定，儀表板提醒（開發案停滯、出貨單卡簽核 5 天）、行事曆事件、每日檢查各自獨立判斷；同一『停滯』定義在 dashboard.py 與 email_notify 兩處靠註解對齊。,backend/modules/analytics/api/dashboard.py:625,mail-types 收件人覆寫（default/superadmin_only/custom）、行事曆事件開關、notification-settings,"CFG-109,CFG-110,CFG-111",站內通知也納入 mail-types 風格的收件人覆寫，超管維護，適合,部門主管調整本部門收件人須核准,提醒規則表（事件->對象->管道）做成定義，較完整但工程量大,事件觸發點保留程式,A,ops,M,P2
CH-09-03,B09,通知與提醒,站內通知收件人與文字由各模組呼叫端寫死（無預設收件人規則）,組織調整（例如沒有分層簽核時改由財務主管而非全體 superadmin）、通知語句改版，需逐模組改碼。,管理部／各簽核人,報價單未設簽核層時，站內通知直接 SELECT role='superadmin' 的全部使用者；訊息字串 f'報價單 {quote_no}{label}（{cname}）需要您簽核' 內嵌於函式；信件收件人覆寫已存在（mail_recipient_overrides），但站內通知沒有對應設定。,backend/modules/case/api/quotations.py:597,信件收件人覆寫（default／superadmin_only／custom，helpers/mail_types.py:15–28）與個人退訂 notification_muted；站內通知無,"CFG-109, CFG-110, CFG-111",超管設定事件→收件人（角色／帳號），可行,管理部設定，需核准,通知範本＋收件規則放定義庫，最完整,不適合,A,ops,M,P2
CH-09-04,B09,通知與提醒,行事曆／提醒事件種類目錄在程式內（19 種）且僅單一行事曆,新增一種要提醒的事件（如驗收、保固續約）必須改程式與推送函式；目前只能開關既有種類，也只能推到單一 calendar_id。,營運主管／行政,EVENT_TYPES 元組 19 種（代碼、名稱、分組、說明、預設），各自對應 push_event_for_* 函式；說明文字還含『洽談中超過 30 天』寫死；calendar_id 預設 primary，只有一個行事曆，不能依事件種類或據點分流；收件／同步對象由呼叫端決定。,backend/helpers/google_calendar.py:231,system_settings.google_calendar.events 逐類開關、enabled 總開關、calendar_id（google-calendar-settings.html）；信件收件人 mail-types 可覆寫,"CFG-069,CFG-109",在設定增加『種類->行事曆 id』對應，超管維護，適合,行政角色自行調整需限制在已登記種類，需核准,新增種類屬開發工作，不適合做成定義,種類目錄（程式事件掛鉤）保留程式，僅外露開關與目的地,A,ops,M,P2
CH-09-05,B09,通知與提醒,通知收件群組以角色字面值判斷（admins/finance/superadmins）,新增財務主管、稽核或採購主管等角色後，通知對象要改碼；每新增職責即碰。,管理部／最高管理者,"mail_settings 以 role in ('admin','superadmin')、role in ('finance','superadmin') 判斷是否命中群組；GROUPS 只有 none/admins/superadmins/finance 四個，mail_types.ROLES 為字面 6 角色",backend/routers/mail_settings.py:211,mail_recipient_overrides（信件與通知收件設定）已可逐類型覆寫收件人（mode/users/roles），個人也可退訂；僅預設群組字面值仍在程式，因此價值低,"CFG-109,CFG-110",superadmin 改覆寫設定即可（已存在）——適合,業務自行加入收件人——僅限退訂,不需要,預設群組保留在程式,A,ops,S,P1
CH-10-01,B10,介面、術語、多據點、地區與外部整合,側欄選單群組固定在 menu_l1.json,組織改制、部門更名或新增業務線時，群組名稱與順序（10 組）要改檔發版；模組只能掛項目、不能自開群組，使用者只能個人層隱藏／排序。約每季一次。,系統管理員（超級管理員）／營運主管,core/menu_l1.json 寫死 10 個群組（主選單、業務、案件、廠商與採購、設備、經營分析、財務會計、勞務管理、我的工作…）；項目 label/order/perm 在各 module.json pages[].menu。個人層 sidebar 點僅允許 move/hide/show，不可改名或換群組（customization.py OPS_BY_KIND）。,backend/core/menu_l1.json:1,module.json pages[].menu、modules_disabled 模組開關、個人層側欄隱藏／排序、自訂記錄 custom:群組,CFG-139,超管在設定頁改群組名稱／順序並寫稽核，適合，改動小,業務角色改選單易讓權限與入口脫節，不建議,群組當成『定義』草稿->發布->還原，並保留 perm 守門測試；較完整但守門測試（test_menu_parity）需調整,群組鍵（key）留在程式，只開放 label/order 覆寫,A,ops,M,P2
CH-10-02,B10,介面、術語、多據點、地區與外部整合,國定假日／補班日表靜態 JSON 只含 2026、2027,每年需發版加入新年度；覆蓋期外只辨識週末，催辦／寄信日／簽核提醒會誤判工作日。,行政／人資,holidays_tw.json 的 years 只有 2026、2027，取自行政院人事行政總處，附 coverage 與預警 60 天；business_days.py 的 is_working_day／next_mail_day 依此判斷；公司自訂休息日（如彈性放假、公司連休）無處新增。,backend/helpers/holidays_tw.json:7,覆蓋期預警；無 UI,"CFG-132,CFG-063",超管上傳／匯入年度假日並稽核，加公司自訂休息日，適合,行政角色維護須核准，適合公司休息日,年度假日表當定義草稿->發布->還原，可預覽影響，最適合,官方表保留打包，自訂休息日走設定,C,ops,M,P2
CH-10-03,B10,介面、術語、多據點、地區與外部整合,地圖／地理編碼供應商順序與地區寫死（僅限台灣）,供應商政策改變（Nominatim 限流、TGOS 變更、Google 計價）或要做海外據點時，供應商鏈與台灣限定需要改碼。,IT／營運主管,"_STAGES 固定 Google->TGOS->Nominatim->行政區；Nominatim 網址、countrycodes=tw、縣市區正則（只認 縣市＋區鄉鎮市）、地圖預設中心 23.9,121.0 皆在碼中；總開關 GEO_ENABLED=False 須靠環境變數 MOTRIX_GEO=1 才開啟；Google 金鑰、瀏覽器金鑰、Map ID、TGOS app id 可在設定頁填。",backend/helpers/geo.py:58,system_settings：google_maps_api_key／browser_key／map_id／tgos_app_id、辦公室座標、Google 月額度與快取天數,CFG-061,設定頁新增供應商啟用與順序，超管維護，有價值但需測試覆蓋,不適合,不需要,供應商鏈與台灣限定保留程式，直到真有海外據點,D,ops,M,—
CH-10-04,B10,介面、術語、多據點、地區與外部整合,多據點抬頭已可設定，但編號前綴、稅籍與簽核仍單一公司,新增分公司／第二法人時，抬頭可在公司設定增加據點，但單號前綴、簽核流程、獎金等設定仍是全公司一份，開第二法人時要大改。,總經理／財務長,company_profile.locations 與 company_identity 四層解析（據點欄->主要據點->頂層->空白）；報價單帶 location_id 與抬頭快照；報價單單號固定 MQ-YYYYMM-NNN 且以 regex 解析；system_settings 全域單份，無 company_id／tenant；使用 company_identity 的 PDF／匯出約 12 個檔案。,backend/helpers/company_identity.py:31,company_profile.locations、company_setup 設定頁、報價單 location_id 快照、品牌設定,"CFG-084,CFG-081",據點新增『單號前綴／預設簽核流程』欄，超管維護，可涵蓋單據層級需求,分公司窗口自行改本據點抬頭須主管核准，與現行僅超管可改相符,據點資料做定義草稿->發布，需處理已開單據快照,真正多法人（獨立帳務）屬架構決策，保留單公司,A,legal,L,P3
CH-10-05,B10,介面、術語、多據點、地區與外部整合,政府資料來源端點與欄位位置寫死（GCIS／政府採購網）,政府改版、API 網址或表頭欄序改變時標案雷達與統編查詢會失效，必須改碼發版；政府網站常改版。,IT／標案負責人,"GCIS 兩個 data.gcis.nat.gov.tw API UUID 網址寫死；標案雷達 SITE_ROOT／TENDER_SOURCE_URL／TENDER_INDEX_URL 與預設查詢參數（tenderType、pageSize=100）、表頭欄位索引 _COL_ORG=1,_COL_CASE_NAME=2 寫死；TENDER_RADAR_ENABLED=False 總開關要環境變數 MOTRIX_TENDER_RADAR=1，無 UI 開關。關鍵字／排除詞／預算已存 DB 可由頁面維護。",backend/routers/company_lookup.py:118,gcis_daily_limit 可調、標案監看規則（關鍵字／機關／預算）存 DB、模組開關,"CFG-060,CFG-064",網址與總開關移到 system_settings，超管維護，稽核，適合,不需要,欄位對應若要彈性需版本化，過度,解析欄序屬程式契約，保留，並靠形狀驗證偵測,A,ops,S,P1
CH-10-06,B10,介面、術語、多據點、地區與外部整合,正式機網址／IP 作為信件連結與 CORS 預設寫死,機房搬遷、換網域或導入正式域名時，信件連結預設與 CORS 白名單都得改碼；舊 IP 曾造成死連結。,IT／系統管理員,信件 base_url 預設 https://172.16.10.177:666 在兩處程式碼；CORS 預設白名單含 6 筆 localhost／127.0.0.1／172.16.10.177（http 與 https）；部署儀表板也有 PROD_HOST。base_url 已可在通知設定改，CORS 只能靠環境變數 MOTRIX_CORS_ORIGINS。,backend/helpers/email_notify.py:158,通知設定 base_url（superadmin）、MOTRIX_CORS_ORIGINS 環境變數,CFG-030,預設值改為空並要求設定、CORS 由設定頁維護，稽核，適合,不需業務角色,過度設計,CORS 屬安全邊界，留環境變數較穩,A,security,S,P3
CH-10-07,B10,介面、術語、多據點、地區與外部整合,產品名稱『MOTRIX 專案管理系統』寫死於頁面標題與信件,更名、白牌、換客戶品牌時需要改 65 個頁面 <title>、信件寄件名與頁尾；品牌 logo／公司名雖可設定，產品名不行。,總經理／行銷,74 個頁面中 65 個 <title> 含『MOTRIX 專案管理系統』；寄件人預設 from_name『MOTRIX專案管理系統』，信件頁尾『本郵件由 MOTRIX 系統自動發送』，首頁 kicker 與歡迎詞亦同。,frontend/index.html:8,helpers/branding.py（logo／深色 logo／公司名稱可上傳，company-profile-settings.html『品牌與公司名稱』）；from_name 可在 email_notify 設定,,品牌設定新增『系統顯示名稱』欄，頁面標題由 sidebar.js 動態寫入，適合,不需要業務簽核,過度設計,內部稽核日誌／版本檔中的名稱可保留,A,none,M,P2
CH-10-08,B10,介面、術語、多據點、地區與外部整合,產業用語（案件／報價單／承攬商／派發）無術語覆寫層,換行業、客戶要求用『專案／估價單／協力廠商／派工』時，要全站搜尋取代；一次的改名就是大範圍改動，且每次新增頁面又重複寫死。,總經理／產品負責人,frontend+backend 出現『案件』約 4667 次（64 個前端檔）、『報價單』1690 次（39 檔）、『承攬商』995 次（23 檔）、『派發』729 次（14 檔）、『客戶』1458 次、『標案』687 次；只有 role_labels 可改 6 個系統角色顯示名，案件三角色（填表人／業務負責／執行負責）寫死在 ROLE_LABELS。,backend/routers/system.py:2755,role_labels（/api/settings/role-labels，6 個系統角色）；module-builder 自訂記錄可自定欄位名,CFG-136,超管維護一份術語字典（key->顯示詞），前端以 t('case') 取代，稽核；適合但需分批改字串,業務角色改詞會造成各單位用語不一，需核准,術語集當成定義，草稿->發布->還原，可預覽整站；最穩,法定／PDF 單據標題（如『報價單』）可先保留程式，只開放 UI 顯示詞,C,ops,L,P3
CH-10-09,B10,介面、術語、多據點、地區與外部整合,語系與格式固定 zh-TW，無 locale／幣別設定,若有外國客戶、英文單據或多幣別，數字／日期／幣別格式要逐檔改；目前沒有 i18n，改動面廣但發生頻率低。,總經理,前端 44 處 toLocaleString/toLocaleDateString('zh-TW')（ledger-hub.js、ledger-periods.js、ledger-statements.js、definition-form.js、notif.js 等）；金額一律整數新台幣；cashier.js 解析民國年（+1911）；後端 tax_calc 民國年轉換；伺服器時間用 date.today()／datetime.now() 約 572 處，無時區設定。,frontend/js/ledger-hub.js:194,無（僅統一 format 函式在各頁重複）,,設定頁提供 locale／時區／幣別顯示，稽核；時區影響排程，需謹慎,不適合,不需要,目前業務單一台灣，維持 zh-TW；僅收斂為共用 format 函式即可,D,none,L,—
CH-10-10,B10,介面、術語、多據點、地區與外部整合,郵件供應商預設 Gmail SMTP 單一帳號,換郵件服務（Microsoft 365、公司主機）或分據點寄件時，需要改設定；預設值仍寫死 smtp.gmail.com:587，三處寄信路徑各自重複預設。,IT／系統管理員,smtp_host 預設 smtp.gmail.com、port 587、from_name 預設在 _EMAIL_DEFAULTS 與 email_notify 三個寄信函式各讀一次；只有一組全域帳號，無法依據點或信件類型指定寄件人；收件人已可用 mail-types 覆寫。,backend/routers/system.py:2519,email_notify 設定頁（host/port/user/password/from_name/base_url/dev_mode）、MOTRIX_EMAIL_SEND 環境變數、mail-settings 收件人覆寫,"CFG-109,CFG-110",已可由超管編輯；僅需收斂三處預設到單一來源,不需要,不需要,多帳號寄件（依據點）若無需求先不做,A,none,S,P1
CH-10-11,B10,介面、術語、多據點、地區與外部整合,首頁儀表板區塊與可見條件寫死在 index.html,哪些 KPI／卡片給誰看、排序先後常隨主管需求變動；現在每次都要改 1222 行的 index.html，且與後端 stats 回應綁死。,總經理／營運主管,canFinance/canQuotation/canDevCrm/canDashboard/canAuditLog 以 role==='superadmin'||'admin'||modules.includes(...) 寫死；卡片標題、順序、最近變動區塊『最多 40 筆』與提醒類型（業務開發停滯、出貨單卡簽核）都在樣板與 dashboard_ops_alerts 內；沒有卡片清單設定。,frontend/index.html:933,stats.financeVisible 由後端控制財務卡片；模組開關間接隱藏；無卡片排序設定,"CFG-133,CFG-137,CFG-140",超管設定每個角色看到的卡片清單與順序（system_settings），適合,主管自訂個人首頁，需設上限與核准，價值中等,卡片清單作為 definitions layout 類型，草稿->發布->還原；與現有 layout 機制一致,卡片資料計算（金額口徑）保留程式,C,ops,L,P3
