id,block,block_name,item,frequency,who_decides,locations,today_value,existing_mechanism,options_viable,recommended,rationale_why_it_churns,risk,effort,overlaps_cfg_ids
FC-001,FB01,營業稅率、稅別與含稅換算,營業稅率常數（單一 Python 常數，非生效日版本）,法規少變但一變影響大,財務負責人＋法務,backend/helpers/tax_calc.py:27,LEGAL_TAX_RATE = 0.05,無（扣繳／健保已走 legal_params 生效日版本，營業稅沒有）,"A,C",C 生效日版本（併入 legal_params 新增 vat_rate）,稅率法定、很少變，但一變就是全系統：單據要凍結當時稅率（舊單據不可被悄悄改稅）。現有 15+ 處獨立 0.05／1.05 需先收斂到單一來源,高（碰十餘處、前後端各一份）,L,CFG-008
FC-002,FB01,營業稅率、稅別與含稅換算,稅別清單與標籤『應稅 5%』（稅率寫在字串裡）,法規少變但一變影響大,財務負責人,backend/helpers/tax_calc.py:26; backend/modules/analytics/api/reports.py:2782; frontend/pages/quotation-form.html:1623,"{""taxable"":""應稅 5%"",""zero"":""零稅率"",""exempt"":""免稅""}",無,"A,D",D 稅別三類留在程式；標籤由稅率動態組字,稅別種類是法定結構（應稅／零稅率／免稅），不會常變；會變的是標籤裡的數字，改成由 vat_rate 組出即可,低,S,CFG-008
FC-003,FB01,營業稅率、稅別與含稅換算,舊資料稅率判斷界線（0／0<r<5／其餘）,法規少變但一變影響大,財務負責人,backend/helpers/tax_calc.py:46,rate==0→免稅；0<rate<5→legacy,無,D,D 保留（歷史相容），界線改由 vat_rate 推導,只為讀舊資料（1～4% 舊單），不需開放編輯；但『5』要隨 vat_rate 走，否則稅率改了判斷錯,中,S,
FC-004,FB01,營業稅率、稅別與含稅換算,報價單預設稅率 5、低於標準稅率需審核、文字『標準 5%』,法規少變但一變影響大,財務負責人,backend/modules/case/quote_terms.py:165; frontend/pages/quotation-form.html:2608; backend/modules/case/profit_guard.py:125,缺 taxRate→5；<5 視為調降需審核,前後端各一份（parity 測試守）,C,C 隨 vat_rate（以報價日取生效版本）,稅率改時報價預設與審核規則要一起動；現在是兩份程式加一個 parity 測試，改一次要碰三處,中,M,
FC-005,FB01,營業稅率、稅別與含稅換算,進項稅估算（成本×5%，假設不可扣抵）,依經營決策,財務負責人＋總經理,backend/modules/case/profit_guard.py:160; frontend/pages/quotation-form.html:1840; backend/modules/supply/gl_events.py:19,"round_half_up(total_cost, 0.05)；supply/gl_events _RATE=0.05",無,"A,C",C 稅率走 vat_rate；『進項稅是否視為成本（不可扣抵）』另做一個經營決策開關（A）,兩件事混在一起：稅率（法定）與『進項不抵扣、當成本』（經營／稅務政策）。政策改（例如開始申報扣抵）會牽動毛利公式，必須能由人決定而不是改碼,高（毛利、精算、總帳都用）,L,CFG-012
FC-006,FB01,營業稅率、稅別與含稅換算,含稅／未稅換算 ÷1.05、×1.05（精算預設成本倍數、含稅反推）,法規少變但一變影響大,財務負責人,backend/modules/case/settlement_actuals.py:20; backend/modules/case/recognition.py:355; backend/modules/arap/receivables.py:110; frontend/pages/settlement.html:795,ESTIMATE_RATE=1.05；a/1.05（約 15 處，前後端各有）,後端 API 回 estimateRate，但前端另寫死 1.05,C,C 單一換算函式讀 vat_rate（後端出、前端取用，不再抄常數）,同一個 1.05 假設散在後端 6 處、前端 10 餘處；是 FB01 最大的『改一次要找半天』來源,高,L,CFG-009 CFG-010
FC-007,FB01,營業稅率、稅別與含稅換算,承攬商派工預設稅率 0.05（十餘處：派工、憑證、匯款、總帳事件、前端、DB 欄位預設）,營運調整,財務負責人,backend/modules/subcontract/api/vendor_contractors.py:85; backend/modules/subcontract/remit_create.py:92; backend/db.py:1341; frontend/js/case-management-dispatch.js:212,缺值 fallback 0.05；DB DEFAULT 0.05,每筆派工可存 tax_rate；預設無設定,A,A 預設稅率設定（承攬商含稅／未稅兩種預設），fallback 統一讀它；DB 欄位預設維持（凍結）,派工稅率是『每筆資料』，預設值才是要集中的；承攬商是否含稅是業務慣例，會因對象而異,低,S,
FC-008,FB01,營業稅率、稅別與含稅換算,前端稅率下拉與預設（派工含稅 5%／未稅、表單設計器稅率）,法規少變但一變影響大,財務負責人,frontend/pages/case-management.html:3938; frontend/static/form-designer-model.js:236; frontend/static/form-designer.js:478,"<option value=""0.05"">含稅（5%）</option>；設計器預設 5",無,C,C 前端啟動時取一次 /api 稅率，選項由資料產生,前端幾乎都抄常數（精算 API 回了 estimateRate，前端仍另寫死 1.05）；後端改了前端不會跟,中,M,
FC-009,FB01,營業稅率、稅別與含稅換算,表單版型內的稅額公式（報價／採購版型）,法規少變但一變影響大,財務負責人,backend/helpers/form_templates/quotation.json:152; backend/helpers/form_templates/purchase.json:148,"if(tax == ""應稅5%"", round_half_up(sub * 0.05), 0)",版型可覆寫（output_template）；預設寫死,C,C 公式改用變數 vat_rate（版型引擎已支援變數則直接用）,版型是客戶可覆寫的，預設值寫死 0.05 會讓覆寫過的版型各自停在舊稅率,中,S,
FC-010,FB02,零稅率／免稅依據、發票、統編與 401 申報格式,零稅率／免稅『依據』選項（營業稅法 §7、§8 逐款）,每年／法規,財務負責人＋法務,backend/helpers/legal_params.py:338,TAX_BASIS_OPTIONS／TAX_BASIS_NOTE_REQUIRED／LEGACY_TAX_BASIS_LABELS（§8 共 32 款，第 7 款已刪）,程式常數（API 提供前端）；非生效日,"A,C",C 生效日版本（單據保存當時選的依據代碼；新法條新增選項，舊代碼保留標籤）,修法會增刪款次；若直接改常數，舊單據上的依據代碼可能失去對應標籤（已有 LEGACY 補丁，說明這已發生過一次）,中,M,
FC-011,FB02,零稅率／免稅依據、發票、統編與 401 申報格式,營業稅法條文快照與查詢日（說明用文字）,每年／法規,財務負責人,backend/helpers/legal_params.py:298,條文文字常數，整編截止 民國 115-09-18,無,D,D 保留；加『最後核對日』提醒（每年一次）,是說明文字不是邏輯；風險是過期無人察覺，不是改碼成本,低,S,
FC-012,FB02,零稅率／免稅依據、發票、統編與 401 申報格式,統一編號檢查碼演算法,法規少變但一變影響大,財務負責人,backend/helpers/company_setup.py:111,"weights=(1,2,1,2,1,2,4,1)；整除 5、第 7 碼為 7 加試",無,D,D 保留於程式，附官方規則出處與測試向量,這是演算法不是參數；官方檢查規則曾調整過（現程式為『整除 5』版），真改了要改碼並用測試向量守，不適合做成『選項』,中,S,
FC-013,FB02,零稅率／免稅依據、發票、統編與 401 申報格式,401 稅碼→申報欄位對照（預設整張表）,每年／法規,財務負責人,backend/modules/accounting/ledger/tax401.py:27,OUT-5 einvoice 5/6、triplicate 1/2、duplicate 9/10；OUT-0 零稅率 7；IN-5 28/29…,表 gl_tax401_map 可在 DB 覆寫（無設定頁、無生效日）,"A,C",C 對照表加生效日（申報期別適用的版本），並補設定頁,申報書欄位對應會隨財政部公告改；現在可覆寫但沒有期間概念，改了會讓『重算舊期別』的結果跟著變,中,M,
FC-014,FB02,零稅率／免稅依據、發票、統編與 401 申報格式,401 官方欄位名稱表、合計公式與警示規則,每年／法規,財務負責人＋法務,backend/modules/accounting/ledger/tax401.py:39; backend/modules/accounting/ledger/tax401.py:184,"LINE_NAMES 代號 1,2,5,6,…112；111=max(0,銷項−(進項+留抵))；依台財資字第 1130001073 號令",無,C,C 申報格式版本（以公告令為單位、依申報期別選版）,公式與欄位寫在程式；官方改表單就要改碼，且舊期別重算必須用舊版——這是典型『要有版本』的東西,高,L,
FC-015,FB02,零稅率／免稅依據、發票、統編與 401 申報格式,401 媒體申報檔格式（112 欄、分隔符、overpunch、固定長度）,每年／法規,財務負責人＋法務,backend/modules/accounting/ledger/tax401_media.py:18,FIELDS 元組；UTF-8 無 BOM、CRLF、111 個『|』；手填欄 113～115,無,C,C 與上列申報格式同一版本表（媒體格式與欄位表一起版本化）,格式由令文規定、改版就是整份欄位表；沒有版本概念時只能整檔覆寫，舊期別無法重出舊格式,高,L,
FC-016,FB02,零稅率／免稅依據、發票、統編與 401 申報格式,申報期別（雙月制）,法規少變但一變影響大,財務負責人,backend/modules/accounting/ledger/tax401.py:98,第 n 期＝(2n-1)～2n 月,無,D,D 保留,法定結構，數十年未變；真變（例如改月報）屬於重大改版，不是參數,低,S,
FC-017,FB02,零稅率／免稅依據、發票、統編與 401 申報格式,預設發票媒介（default_invoice_medium）,依經營決策,財務負責人,backend/modules/accounting/ledger/tax401.py:82,缺值→electronic→einvoice,gl_settings.default_invoice_medium（無畫面）,A,A 補一個設定項（會計設定頁）,公司開票習慣會變（電子化比例），現在要改得進資料庫,低,S,
FC-018,FB02,零稅率／免稅依據、發票、統編與 401 申報格式,發票號碼格式：目前不驗格式（自由文字，只限長度）,法規少變但一變影響大,財務負責人,backend/modules/case/api/case_extra_expenses.py:84,無 regex；INVOICE_NO_MAX 長度上限,無,"A,D",A 可選的格式規則（預設關），電子發票強制時再開,不是現在的痛點，但電子發票全面化、格式（2 英 8 數）檢查常被要求；做成『可選規則』就不必到時改碼,低,M,CFG-046 CFG-053 CFG-093
FC-019,FB02,零稅率／免稅依據、發票、統編與 401 申報格式,自訂單據視為『統一發票』的憑證種類字串,營運調整,財務負責人,backend/modules/accounting/ledger/custom_events.py:17,字串清單 invoice／統一發票…,gl_custom_field_map 對欄位,A,A 清單設定,客戶自訂模組會用不同詞彙，清單寫死會漏,低,S,
FC-020,FB02,零稅率／免稅依據、發票、統編與 401 申報格式,進項稅額可扣抵判定（僅 doc_type=invoice 且非不可扣抵）,依經營決策,財務負責人,backend/modules/accounting/ledger/category_map.py:141,invoice 且 nondeductible=0 才拆 INPUT_TAX,gl_category_map.nondeductible 逐類別可設,D,D 規則留碼，逐類別開關已足,已有逐類別可設，規則本身是稅法結構,低,S,
FC-021,FB03,扣繳、二代健保、最低工資（法規參數）,扣繳率、起扣點、補充保費、最低工資（已是生效日版本化）,每年／法規,財務負責人,backend/helpers/legal_params.py:27,"2026 版；2027 版刻意缺（最低工資 30,900 待行政院核定）",有：tax_rules_versions＋法規參數設定頁＋勞報單凍結版本號,C,C 已採用——這是『其他參數該長成的樣子』；維持，並把 12 月才提示改為 10 月起提示,範本等級的做法。待辦只剩流程：2027 年版要在 2026-12 前新增，現在 year_status 只在 12 月提示，偏晚,低,S,
FC-022,FB03,扣繳、二代健保、最低工資（法規參數）,db.py 種子 tax_rules 與 legal_params 預設各存一份 2026 數字,衛生（重複或不一致，非外部變動）,開發,backend/db.py:817,兩處都有 90501／20010／2.11%／29500，靠測試守一致,test_legal_params 守一致,D,D 種子改由 legal_params.DEFAULT 產生（單一來源）,每年換版要改兩處加一個測試；少改一處就是測試紅或舊庫數字錯,低,S,
FC-023,FB03,扣繳、二代健保、最低工資（法規參數）,非居住者『183 天』與『基本工資×1.5』（低薪稅率門檻）,法規少變但一變影響大,財務負責人＋法務,backend/modules/payroll/api/payslips.py:112; frontend/pages/payslip-form.html:607; backend/pdf_gen.py:802,"""外國籍（未滿183天）""；monthly * 1.5",費率讀 legal_params；183 與 1.5 寫死（後端、前端、PDF 各一份）,C,C 併入版本表欄位（non_resident_days、low_salary_multiple）,屬所得稅法／扣繳標準的數字，同表應一起版本化；現在版本表只含稅率與起扣點,中,M,
FC-024,FB03,扣繳、二代健保、最低工資（法規參數）,所得類別 50／9A／9B 與其標籤、下拉選項,法規少變但一變影響大,財務負責人,backend/helpers/legal_params.py:23; backend/pdf_gen.py:788; frontend/pages/payslip-form.html:273,"INCOME_TYPES=(""50"",""9A"",""9B"")；標籤散在 PDF 與兩個 HTML",無,C,C 類別清單進版本表（代碼、名稱、申報用代號）,新增所得類別（如 92 其他所得、稿費細分）就要改三處,中,M,CFG-015
FC-025,FB03,扣繳、二代健保、最低工資（法規參數）,扣繳／補充保費繳庫期限（次月 10 日、次月底）,每年／法規,財務負責人,backend/modules/accounting/ledger/withholding.py:45,"""%04d-%02d-10""；monthrange 末日；註解「採用值，待使用者確認」",無,"A,C",A 先做設定（含確認旗標），之後併入版本表,已註明未經確認；法定期限若調整（或改為年繳）要能改,中,S,
FC-026,FB03,扣繳、二代健保、最低工資（法規參數）,金額捨入規則（補充保費四捨五入、扣繳元以下捨去）,法規少變但一變影響大,財務負責人,backend/helpers/legal_params.py:99,round_half_up／floor_amount；前端 legal-round.js 另一份,有守門測試（前後端一致）,D,D 保留（法定算法＋守門）,法規規定的算法不是參數；有單一出口與守門即可,低,S,
FC-027,FB03,扣繳、二代健保、最低工資（法規參數）,勞保／健保投保級距、勞退提繳率（員工薪資）——程式裡目前沒有,每年／法規,財務負責人,backend/helpers/legal_params.py:23,產品不含員工投保計算（只有承攬勞報單）,無,C,C 若將來做員工薪資，直接建成生效日版本表,每年（甚至每半年）調整的數字；一開始就版本化，比事後從常數改成版本表便宜得多,—,L（尚未存在）,CFG-015
FC-028,FB03,扣繳、二代健保、最低工資（法規參數）,116 年（2027）版法規參數尚未建立（流程項目）,每年／法規,財務負責人,backend/helpers/legal_params.py:60,"刻意缺；最低工資 30,900 審議中；提示只在 12 月",year_status 12 月提示,A,A 流程：10 月起提示＋責任人；到 12 月仍缺就在儀表板置頂,每年一次的人工動作；晚提示等於賭人記得,低,S,
FC-029,FB04,會計科目表、帳務角色與類別→科目對照,法定會計科目表（商業會計項目表 112 版）整份種入,法規少變但一變影響大,財務負責人＋會計師,backend/db.py:4385; backend/data/account_items_112.json:1,account_items_112.json；INSERT OR IGNORE 只補缺；法定科目被觸發器鎖死,科目管理頁（自訂科目可加）；法定科目不可改,C,C 科目表版本（年度／公告版），科目有 effective 期間；舊傳票保留舊科目,科目表被修訂（改名、增刪、改代號）時，現行機制只能補新科目；改名／停用的法定科目沒有路徑,中,L,
FC-030,FB04,會計科目表、帳務角色與類別→科目對照,帳務角色→預設科目整張表（現金、銀行、AR、AP、銷項稅…約 38 個角色）,依經營決策,財務負責人,backend/modules/accounting/ledger/roles.py:36,CASH 1111…PL_SUMMARY 3353、RETAINED 3351,gl_account_roles 可依 scope 與 effective_from 覆寫；設定頁沒有生效日欄位,"B,C",C 補設定頁的生效日欄位（機制已有）＋變更需審核,改科目對照會改變之後所有分錄；後端已支援生效日，但畫面沒有，等於『可以設、不敢設』,中,S,
FC-031,FB04,會計科目表、帳務角色與類別→科目對照,稅務屬性科目代號、反向科目名單、科目類別推導規則,法規少變但一變影響大,財務負責人,backend/modules/accounting/ledger/roles.py:48; backend/modules/accounting/ledger/roles.py:13,"{""1268"":""input_tax"",""2204"":""output_tax"",…}；_CONTRA_D/_CONTRA_C 名單",gl_account_meta 可逐科目改（種入值寫死）,D,D 種入值留碼，逐科目可改已足,只在科目表換版時會動，並且已有逐科目覆寫,低,S,CFG-123 CFG-127 CFG-130
FC-032,FB04,會計科目表、帳務角色與類別→科目對照,科目→財報列對應與財報列定義（資產負債表 35 列、損益表 14 列）,法規少變但一變影響大,財務負責人＋會計師,backend/modules/accounting/ledger/roles.py:18; backend/modules/accounting/ledger/fs_lines.py:17,約 55 組前綴對應；列代碼與毛利／淨利公式寫在報表程式,gl_fs_lines 名稱／排序／停用可改（僅 superadmin）；gl_account_meta.fs_line 逐科目可改,A,A 現況已足；列代碼與計算列留碼,財報格式隨準則修訂；名稱與歸屬已可調，公式屬準則本身,低,S,CFG-128
FC-033,FB04,會計科目表、帳務角色與類別→科目對照,現金流量分類預設,法規少變但一變影響大,財務負責人,backend/modules/accounting/ledger/fs_lines.py:65,_CF_BY_GROUP／_CF_BY_CODE（17 個科目）,gl_account_meta.cashflow_class 逐科目可改,A,A 現況已足,已逐科目可調,低,S,
FC-034,FB04,會計科目表、帳務角色與類別→科目對照,費用類別→科目對照與兜底角色,依經營決策,財務負責人,backend/modules/accounting/ledger/category_map.py:136,查無對應→有案件 COST_PROJECT／無案件 EXP_OTHER,gl_category_map＋expense_categories（有 API；coverage 顯示未設定）,A,A 現況已有；兜底角色也做成設定（避免新類別被悄悄記到錯科目）,新增費用類別最常見；對照表已可設，缺的是兜底行為可選與未對照的提醒,低,S,
FC-035,FB04,會計科目表、帳務角色與類別→科目對照,單據事件分錄角色（額外支出、叫料、手續費、差額、勞報、銷項認列）,法規少變但一變影響大,財務負責人＋會計師,backend/modules/case/gl_events.py:127; backend/modules/payroll/gl_events.py:81,費用借 COST_PROJECT／貸 AP；手續費 FEE；差額 EXP_OTHER；勞報借 EXP_LABOR,角色→科目走 gl_account_roles；分錄結構寫死,D,D 分錄結構留碼；科目走角色表,複式分錄結構是會計設計，改它要連帶改測試與稽核；科目已可換,低,S,
FC-036,FB04,會計科目表、帳務角色與類別→科目對照,銷項發票認列規則（案件須已成案／已結案、認列日＝開票日、先收款轉預收）,依經營決策,財務負責人＋總經理,backend/modules/arap/gl_events.py:18; backend/modules/arap/gl_events.py:86,"案件狀態 (""已成案"",""已結案"")；稅碼 OUT-5／OUT-0／OUT-EX／OUT-LEGACY",無（使用者 2026 裁示寫在程式）,C,C 認列政策做成『生效日政策』，換政策時舊期間不重算,認列時點是會計政策，公司規模變大或會計師建議就會改；寫死等於每次改碼並要小心歷史重算,中,M,
FC-037,FB04,會計科目表、帳務角色與類別→科目對照,T100 匯出科目與傳票別設定,營運調整,財務負責人,backend/modules/accounting/api/accounting_export.py:97,預設空；voucherCategory『轉』,t100_export_config（設定頁維護，存檔驗證科目）,A,A 已有，維持,已可調,低,S,
FC-038,FB04,會計科目表、帳務角色與類別→科目對照,存貨成本法（移動加權平均）,法規少變但一變影響大,財務負責人＋會計師,backend/modules/accounting/ledger/inventory.py:1,移動加權平均,無,D,D 保留,成本流程假設改變需要資料遷移，不是設定,—,—,
FC-039,FB05,會計期間、傳票編號與認列日期切換,會計年度起始月,法規少變但一變影響大,財務負責人＋會計師,backend/modules/accounting/ledger/periods.py:38,預設 1（曆年）；建立任何年度後鎖定,gl_settings.fiscal_year_start_month＋PUT /api/ledger/settings,A,A 現況已足；短年度（變更會計年度）另列為功能需求,已可設；真正要改會計年度（需稅局核准）時要短年度支援，屬功能而非參數,中,L,
FC-040,FB05,會計期間、傳票編號與認列日期切換,每年固定 12 期、第 12 期決算、年度範圍 1911～2200,法規少變但一變影響大,財務負責人,backend/modules/accounting/ledger/periods.py:62,period_no<12、period_no=12,無,D,D 保留,13 期或短年度才會動，機率低,—,—,
FC-041,FB05,會計期間、傳票編號與認列日期切換,『未過帳』傳票狀態清單（在多個檔案各抄一份）,衛生（重複或不一致，非外部變動）,開發,backend/modules/accounting/ledger/periods.py:16,"(""草稿"",""待審核"",""簽核中"",""已核准"")；closing/reports/month_totals 重複",無,D,D 收斂成單一常數,新增傳票狀態時漏改一處＝結帳檢查與報表不一致,低,S,
FC-042,FB05,會計期間、傳票編號與認列日期切換,期間狀態機與解鎖規則（open→closed→locked；解鎖須 superadmin＋理由）,法規少變但一變影響大,財務負責人,backend/modules/accounting/ledger/periods.py:14,借貸不平衡擋結帳；未過帳與更早未結期間只警告,gl_periods 狀態存資料,D,D 保留（內控規則）,內控設計；若要改成『警告→擋』是政策，可列為單一開關,低,S,
FC-043,FB05,會計期間、傳票編號與認列日期切換,年度結轉科目與傳票結構（3353 本期損益、3351 累積盈虧）,法規少變但一變影響大,財務負責人,backend/modules/accounting/ledger/closing.py:61,損益科目→3353，3353→3351,兩個科目走 gl_account_roles；結構寫死,D,D 結構留碼，科目走角色,科目表換版時角色表處理,低,S,
FC-044,FB05,會計期間、傳票編號與認列日期切換,引擎自動掃描排程間隔與視窗,營運調整,系統管理者,backend/modules/accounting/ledger/auto_run.py:19,每小時；首次延遲 300 秒；視窗＝上月 1 日至今,功能旗標 engine_drafts,A,A 設定（含下限）,營運節奏調整，不涉金額,低,S,CFG-058
FC-045,FB05,會計期間、傳票編號與認列日期切換,傳票單號格式 YYYYMMDD-NNN（每日 999 張上限）,衛生（重複或不一致，非外部變動）,財務負責人,backend/modules/accounting/voucher.py:295,當日最大值+1、三位流水；regex ^(\d{8})-(\d{3}),無,D,D 保留格式，把流水放寬為四位（先做、不是選項）,量大時的潛伏故障（第 1000 張擋住）；改格式要連帶 regex 與歷史相容，早做比出事再做便宜,中,S,
FC-046,FB05,會計期間、傳票編號與認列日期切換,傳票類別（收／支／轉）與自動分類規則,法規少變但一變影響大,財務負責人,backend/modules/accounting/voucher.py:175,"{""收"":""收入傳票"",""支"":""支出傳票"",""轉"":""轉帳傳票""}",T100 匯出傳票別可設 voucherCategory,D,D 保留,商業會計法的傳票種類，數十年穩定,低,S,
FC-047,FB05,會計期間、傳票編號與認列日期切換,日期型切換日：承攬商派發成本改含稅（2026-10-01，後端＋前端各一份）,依經營決策,財務負責人,backend/modules/case/recognition.py:349; frontend/js/case-management-dispatch.js:139,"DISPATCH_TAXED_FROM=""2026-10-01""",無,"A,C",C 『政策生效日』設定（後端出、前端取用），舊日期之前的資料維持舊口徑,這種『某日起改口徑』每隔一陣子就會再來一次；每次都是改常數加改前端加補測試。做成一張政策生效日表，下次是填一格,中,M,
FC-048,FB05,會計期間、傳票編號與認列日期切換,日期型切換日：材料申請須有已核准採購單（2026-10-04）,依經營決策,財務負責人＋採購,backend/modules/case/material_approval.py:40,"PO_REQUIRED_FROM=""2026-10-04""；PO_REQUIRED=True",無,"A,C",C 併入同一張『政策生效日』表,同上；且這類規則最終會想『關掉』或『換日期』,低,S,
FC-049,FB05,會計期間、傳票編號與認列日期切換,營運報表預設認列口徑（現金／應計）,依經營決策,財務負責人,backend/helpers/recognition_basis.py:8; frontend/js/reports.js:81,"DEFAULT_BASIS=""cash""（2026-09-30 裁示）；前端 expensesBasis:""cash""",報表頁每次可切換；預設寫死,A,A 公司層預設設定（逐人選擇另算）,預設口徑是經營習慣，會因會計師建議而改,低,S,
FC-050,FB05,會計期間、傳票編號與認列日期切換,權責口徑認列規則（草稿不計、待審核計入並標示…）,依經營決策,財務負責人,backend/modules/case/recognition.py:416,"COUNTED_EXTRA_STATUSES=(""待審核"",""簽核中"",""已核准"")",無,D,D 保留（附說明）,規則本身有測試與使用者裁示記錄，改它是設計變更,低,S,CFG-099
FC-051,FB06,獎金分配：比例、類別、科目,獎金預設比率（營業利益 ×10%）,依經營決策,總經理＋財務負責人,backend/modules/payroll/bonus_case.py:21,DEFAULT_RATE_BP=1000,system_settings.bonus_case_default_rate_bp（僅 superadmin，獎金頁設定區）,A,A 現況已有；補『生效日』讓新比率只套用於之後建立的案件（現況：預設值只影響新建，需確認）,經營決策、幾乎每年檢討；已可調，缺的是變更紀錄與生效日語意明說,低,S,CFG-017 CFG-020
FC-052,FB06,獎金分配：比例、類別、科目,獎金三類分配預設（業務 50%／專案 30%／後勤 20%）,依經營決策,總經理,backend/modules/payroll/bonus_case.py:22,"{""sales"":5000,""project"":3000,""admin"":2000}",system_settings.bonus_case_default_split_bp,A,A 現況已有,已可調,低,S,CFG-017 CFG-020
FC-053,FB06,獎金分配：比例、類別、科目,獎金分配『類別』本身（業務／專案／後勤）與標籤,依經營決策,總經理,backend/modules/payroll/bonus_case.py:19,"CATEGORIES=(""sales"",""project"",""admin"")；CATEGORY_LABELS",無（新增或改名類別要改碼）,A,A 類別清單可設（代號固定、標籤與是否啟用可改）；新增類別需最高管理者＋審核,組織變動（新增客服／工程等類別）時最容易再來；牽涉資格人員來源，建議做成清單而非寫死三類,中,M,CFG-017 CFG-020
FC-054,FB06,獎金分配：比例、類別、科目,獎金計算規則：以精算營業利益為基數、獎金池／類別／個人皆捨去、<=0 不發、零頭歸公司,依經營決策,總經理,backend/modules/payroll/bonus_case.py:6,ROUND_FLOOR；net<=0 拒絕,無,D,D 保留（附規則說明頁）,分配邏輯是公司政策，但改它等於重寫算式與歷史重算；列為『變更案』而不是『設定』,中,—,
FC-055,FB06,獎金分配：比例、類別、科目,可建立獎金的案件狀態與人員來源（業務＝quotations.sales_person、專案＝roles.executor）,依經營決策,總經理,backend/modules/payroll/api/bonus.py:1177,"(""已成案"",""已結案"")；(""auto_sales"",""auto_executor"",""manual"")",無,A,A 狀態清單設定；來源規則留碼,『哪一種案件算數』常被調整（例如要不要等收款完成）,低,S,
FC-056,FB06,獎金分配：比例、類別、科目,獎金傳票科目預設（費用 6111、應付 2191、代扣 2252、銀行 1113、追回 1213）,營運調整,財務負責人,backend/modules/payroll/bonus_vouchers.py:26; backend/modules/payroll/bonus.py:366; backend/modules/payroll/bonus_correction.py:147,程式內預設值當 fallback,system_settings bonus_case_voucher_*／bonus_payable_account_code／bonus_corr_clawback_receivable_code（獎金頁可編輯）,A,A 現況已有；fallback 改讀 gl_account_roles（單一來源）,已可設，但預設值與總帳角色表是兩份；科目表換版時兩邊要各改,低,S,CFG-019
FC-057,FB06,獎金分配：比例、類別、科目,獎金扣繳與補充保費參數（已走 legal_params）,每年／法規,財務負責人,backend/modules/payroll/bonus_deductions.py:27,withholding_rate／threshold／nhi_rate／bonus multiple 由版本取得,legal_params 生效日版本,C,C 已採用,範本,—,—,
FC-058,FB07,利潤口徑：管銷、公益、目標與警示色階,利潤口徑開關與公益基數（overhead_rule_mode、charity_basis_mode）,依經營決策,總經理＋財務負責人,backend/helpers/profit_rules.py:28; backend/helpers/profit_rules.py:30,legacy|v2；direct|total（需遷移標記才生效）,system_settings＋離線工具 overhead_migrate／charity_migrate；沒有設定頁,A,A 超管設定頁（顯示目前口徑、遷移標記、需 confirm）；切換仍走遷移工具,這兩次口徑變更（管銷 25%、公益含稅 1%）都是『經營決策→改碼＋遷移』；公式留碼、參數與生效時點可設，才不必每次動程式,中,M,CFG-005 CFG-006 CFG-007
FC-059,FB07,利潤口徑：管銷、公益、目標與警示色階,管銷分攤預設百分比（25%）,依經營決策,總經理,backend/helpers/profit_rules.py:32; frontend/static/profit-rules.js:10; backend/pdf_gen.py:43,DEFAULT_OVERHEAD_PCT=25；前端與 PDF 另有 fallback 25,system_settings.overhead_default_pct（profit_guard 讀）；每張報價單可調（僅 superadmin）,A,A 現況已有；前端與 PDF 不再抄 25（取 API）,預設比率每年可能檢討；後端已可設，前端與 PDF 的 fallback 抄本會讓『改了設定、畫面還顯示 25』,低,S,CFG-001 CFG-004 CFG-005 CFG-006 CFG-007
FC-060,FB07,利潤口徑：管銷、公益、目標與警示色階,公益捐款費率（1%）,依經營決策,總經理,backend/helpers/profit_rules.py:33; frontend/static/profit-rules.js:10,CHARITY_RATE=0.01（前後端各一份）,無,"A,C",C 生效日版本（費率＋基數一組；新報價取當時版本、已結案不動）,第 52 班剛改過基數；費率下次要改（例如 1.5%）時，沿用 formulaVer 戳記機制但費率要能由人填，而不是再發一次改碼＋遷移,中,M,CFG-001 CFG-004 CFG-005 CFG-006 CFG-007
FC-061,FB07,利潤口徑：管銷、公益、目標與警示色階,舊口徑管銷 10%（稅前×10%）,法規少變但一變影響大,—,backend/helpers/profit_rules.py:31,LEGACY_ADMIN_RATE=0.10,無,D,D 凍結（歷史資料口徑，不開放編輯）,已結案單的數字依賴它，改了就是改歷史,—,—,CFG-001 CFG-005 CFG-006 CFG-007
FC-062,FB07,利潤口徑：管銷、公益、目標與警示色階,營業利益率目標門檻（12% 紅）與達標色階（20／10）,依經營決策,總經理,backend/helpers/profit_rules.py:34; frontend/pages/quotation-form.html:1911; frontend/pages/reports.html:1563,TARGET_MARGIN_PCT=12；報價單 12／20；精算與報表 20／10／0（各畫面寫死、不一致）,無（operating_targets 是財務年度營收目標，未餵進這些警示）,A,A 單一設定群組（profit_warning）＋前後端共用（同 node-39 CFG K01）,同一指標三套門檻；目標一調，要改約十處、且互相不一致,中,M,CFG-001 CFG-002 CFG-005 CFG-006 CFG-007
FC-063,FB07,利潤口徑：管銷、公益、目標與警示色階,直接毛利率色階（報價單 30／40、報價列表 30／35）,依經營決策,總經理,frontend/pages/quotation-form.html:1850; frontend/pages/quotations.html:279,<30 danger、<40 warning（表單）；<30 紅、<35 黃（列表）,無,A,A 併入上列設定群組,兩頁不一致，使用者其實在看不同的紅黃線,低,S,
FC-064,FB07,利潤口徑：管銷、公益、目標與警示色階,報價成本加成 1.05 與單價公式、單價進位規則（先進位到 5，再依百位進位到 100／50）,依經營決策,總經理,frontend/pages/quotation-form.html:2437,cost*1.05/(1-margin)；rem>50→ceil(base/100)*100；rem>0→ceil(base/100)*100-50,無,A,A 定價預設（預設毛利率、進位規則三選一：到 1／5／100）；公式留碼,定價習慣是經營決策，且常因客戶或市況調整；進位規則寫在前端模板最難找,中,M,
FC-065,FB07,利潤口徑：管銷、公益、目標與警示色階,新增品項預設毛利率 0.30,依經營決策,總經理,frontend/pages/quotation-form.html:2273; backend/modules/case/api/quotations.py:6545,margin: 0.30,無,A,A 併入定價預設,同上,低,S,
FC-066,FB08,付款條件、帳齡、提醒與假日曆,預設付款條件文字（定金 50%／交貨 30%／驗收 20%、次月 25 日付）與前端預設分期比例（30／30）,依經營決策,總經理＋財務負責人,backend/modules/case/quote_terms.py:23; frontend/js/case-management-core.js:419,文字 50/30/20；新案件預設分期 pct 30/30（兩處不一致）,system_settings.default_payment_terms 可覆寫；比例只存在文字與每次手動輸入,A,A 結構化付款條件範本（期數、比例、付款日規則）；文字由範本產生,付款條件是最常因客戶而變的東西；現在比例沒有結構、前後端還不一致，無法做逾期與預計收款,中,M,
FC-067,FB08,付款條件、帳齡、提醒與假日曆,應收帳齡分段（0-30／31-60／61-90／90+，以報價日為基準）,依經營決策,財務負責人,backend/modules/analytics/api/reports.py:2638,>30、>60、>90；基準＝案件報價日（無到期日）,無,A,A 分段邊界設定；基準日改用預計收款日（需先有結構化付款條件）,分段習慣因公司而異；基準用報價日會讓帳齡失真（付款條件不同的案件被一視同仁）,低,S,
FC-068,FB08,付款條件、帳齡、提醒與假日曆,預定付款日提醒：提前 3 天、順延上限 14、每日 08:00、收件對象＝財務與 superadmin,營運調整,財務負責人,backend/helpers/payable_due_core.py:33; backend/helpers/payable_due_core.py:40,SOON_DAYS=3；_LIMIT=14；08:00＋啟動補跑,無（信件類型可個人退訂）,A,A 設定群組 reminders（同 node-39 K08）,出納習慣；全是下限受控的整數,低,S,CFG-065 CFG-072
FC-069,FB08,付款條件、帳齡、提醒與假日曆,簽核催辦節奏（第 1、3、5 天；之後每 5 天）,營運調整,總經理,backend/helpers/system_checks.py:503,"REMINDER_FIRST_STAGES=(1,3,5)；REMINDER_STEP_AFTER=5",無,A,A reminders 群組,同上,低,S,CFG-066
FC-070,FB08,付款條件、帳齡、提醒與假日曆,保固到期提醒（7／30 天）、階段到期提醒（3 天）、簽署文件到期警示（30 天）,營運調整,專案經理,backend/modules/case/case_deadlines.py:218; backend/helpers/company_setup.py:470,"(7,30)；timedelta(days=3)；30",無,A,A reminders 群組,同上,低,S,CFG-074 CFG-079
FC-071,FB08,付款條件、帳齡、提醒與假日曆,國定假日／補班日曆（涵蓋 2026-01-01～2027-12-31；無後台頁）,每年／法規,財務負責人（出納）＋系統管理者,backend/helpers/holidays_tw.json:24; backend/helpers/business_days.py:45,coverage from 2026-01-01 to 2027-12-31；須人工重轉官方資料；只有標案雷達在到期前 60 天警示,資料檔＋business_days 快取；無管理介面；到期後只認週六日（無聲降級）,A,A 後台頁：上傳／重抓政府公開資料（含預覽與差異）、公司自訂休日層、到期前 90 天儀表板警示（所有使用者，不只標案雷達）,每年一次的硬期限：2028-01-01 起付款提醒、簽核催辦、標案不寄信日都會無聲錯誤；使用者已點名 2027 年中要處理,高（無聲錯誤）,M,
FC-072,FB08,付款條件、帳齡、提醒與假日曆,工作日邏輯（週六日休、補班日上班、表內假日休；順延上限 14）,法規少變但一變影響大,—,backend/helpers/business_days.py:84,規則寫死；previous_working_day limit=14,資料在 holidays_tw.json,D,D 保留,規則穩定，變的是資料,低,S,
FC-073,FB09,手續費、匯款、幣別與進位,匯款手續費覆核門檻（材料申請：超過 500 進差額審核）,營運調整,財務負責人,backend/modules/case/material_payment.py:44,FEE_REVIEW_OVER=500.0；承攬商匯款（remit.py）沒有對應門檻,無,A,A 設定（可依匯款類型分別設）,銀行手續費調整即需改；且兩種匯款規則不一致,低,S,
FC-074,FB09,手續費、匯款、幣別與進位,手續費科目與分類名稱（『匯款手續費』『收款手續費』）、FEE→7243,法規少變但一變影響大,財務負責人,backend/modules/case/material_payment.py:34; backend/modules/accounting/ledger/roles.py:44,字串常數＋角色 FEE=7243,科目走 gl_account_roles；名稱寫死,D,D 名稱留碼；科目已可設,已可調,低,S,
FC-075,FB09,手續費、匯款、幣別與進位,匯款分期款別（階段清單、款別名稱與比例）,依經營決策,財務負責人,backend/modules/subcontract/remit_kinds.py:23,"STAGES=(""draft"",…)；MAX_KINDS=30",有：匯款款別設定頁（名稱與比例可設）,A,A 已採用；維持,範本,—,—,
FC-076,FB09,手續費、匯款、幣別與進位,幣別：現在只有 NT$／TWD，且代號不一致（供應商 NTD、費用單 TWD）,法規少變但一變影響大,財務負責人,backend/modules/case/api/case_extra_expenses.py:200; frontend/pages/suppliers.html:959,'NTD'（供應商）、'TWD'（費用單）；前端 'NT$ ' 前綴,無（沒有幣別清單）,D,D 先統一代號 TWD（衛生、S）；多幣別列為功能需求（見 FBX）,不一致本身就是未爆彈（比對、匯出會漏）；真正的多幣別是功能，不是設定,低,S,
FC-077,FB09,手續費、匯款、幣別與進位,金額四捨五入出口不一致（法規金額用 half-up；401 加總與 PDF 金額用 Python round）,衛生（重複或不一致，非外部變動）,開發,backend/modules/accounting/ledger/tax401.py:206; backend/pdf_gen.py:93,tax401.py:206 int(round(float(...)))；pdf_gen.py 金額格式 int(round(...)),legal_params.round_half_up 為法規出口,D,D 統一走 round_half_up,銀行家捨入在 .5 時與法規不同；差 1 元的帳最難查,中,S,CFG-119
FC-078,FB09,手續費、匯款、幣別與進位,預設單位清單（式／個／批／組／米／台）,營運調整,專案經理,frontend/pages/quotation-form.html:1554,下拉清單與預設『式』（多頁各一份）,無,A,A 選項清單設定（同 node-39 K10）,客戶行業不同單位不同,低,S,
FC-079,FB10,報價預設與審核門檻,報價預設有效天數 30（多處）,依經營決策,總經理,frontend/pages/quotation-form.html:2253; backend/modules/case/api/quotations.py:1557; backend/modules/analytics/api/dashboard.py:579,valid_days 30；DB 預設 30,無,A,A 預設有效天數,商務習慣；一個值散在 6 處,低,S,
FC-080,FB10,報價預設與審核門檻,報價送審門檻（有效期 >30 天、品項毛利 <30%、稅率 <標準）,依經營決策,總經理,backend/modules/case/quote_terms.py:156; frontend/pages/quotation-form.html:2599,前端與後端各一份（0.30、30、5）,無,A,A 門檻設定（前端取後端值，刪除前端副本）,管理層調整審核鬆緊時，前後端兩份必須同步，現在靠 parity 測試,中,M,CFG-071
FC-081,FB10,報價預設與審核門檻,報價追蹤提醒（寄出後 14 天未回覆）與到期警示（剩 3 天）,營運調整,業務主管,backend/modules/analytics/api/dashboard.py:584,days_since>=14；0<valid_days_left<=3,無,A,A reminders 群組,業務節奏,低,S,CFG-067
FC-082,FB10,報價預設與審核門檻,預設交貨／驗收／保固／售後條款全文,依經營決策,總經理＋法務,backend/modules/case/quote_terms.py:23,DEFAULT_TERMS 四欄（含七日內書面異議）,system_settings.quote_terms_presets（條款組）可建；預設全文在程式,A,A 已有條款組；預設全文改為種子資料（可在後台改、有版本紀錄）,條款文字會隨法務意見改，已存單據保留當時條款,低,S,
FC-083,FBX,目前完全沒有的機制（要不要做是決策）,金額級距簽核（依金額決定簽核層級）,依經營決策,總經理＋財務負責人,backend/helpers/tiered_approval.py:1,簽核層為人工逐層指定，不依金額,approval-settings 頁設層級與適用單據；無金額欄位,"B,C",B 規則表（單據類型×金額區間→層級），生效日版本化；是否要做由負責人決定,公司成長後最常被要求的內控；沒有這機制時會用『人工逐層指定』代替，容易被繞過,中,L,
FC-084,FBX,目前完全沒有的機制（要不要做是決策）,客戶信用額度與授信期間,依經營決策,財務負責人,backend/modules/arap/api/payment_requests.py:1,查無 credit_limit,無,A,A 客戶欄位＋超額警示（先警示、不擋）,收款風險控管；先警示後決定要不要擋,中,L,
FC-085,FBX,目前完全沒有的機制（要不要做是決策）,逾期／寬限／滯納規則,依經營決策,財務負責人,backend/helpers/payable_due_core.py:89,只有應付『逾期=預定日後第一個工作日一封信』；應收無逾期規則,無,A,A 規則（寬限天數、催收節奏）；依賴結構化付款條件,與 FB08 付款條件結構化一起做才有意義,低,M,
FC-086,FBX,目前完全沒有的機制（要不要做是決策）,大額付款警示,依經營決策,財務負責人,backend/modules/arap/api/payment_requests.py:1,查無,無,A,A 門檻警示（先警示）,低成本內控,低,S,
FC-087,FBX,目前完全沒有的機制（要不要做是決策）,多幣別與匯率,法規少變但一變影響大,財務負責人,backend/modules/case/api/case_extra_expenses.py:200,只有 TWD,無,D,D 暫不做；有國外供應商或外幣收款需求時再立項（會動帳務、報表與四捨五入）,功能而非設定,高,L,
